Country Name,Country Code,Indicator Name,Indicator Code,1960,1961,1962,1963,1964,1965,1966,1967,1968,1969,1970,1971,1972,1973,1974,1975,1976,1977,1978,1979,1980,1981,1982,1983,1984,1985,1986,1987,1988,1989,1990,1991,1992,1993,1994,1995,1996,1997,1998,1999,2000,2001,2002,2003,2004,2005,2006,2007,2008,2009,2010,2011,2012,2013,2014,2015,2016,2017,2018,2019,2020,2021,2022,2023,2024,2025
Aruba,ABW,Consumo de energía eléctrica (kWh per cápita),EG.USE.ELEC.KH.PC,,,,,,,,,,,,,,,,,,,,,,,,,,,,,,,,,,,,,,,,,,,,,,,,,,,,,,,,,,,,,,,,,,
,AFE,Consumo de energía eléctrica (kWh per cápita),EG.USE.ELEC.KH.PC,,,,,,,,,,,,,,,,,,,,,,,,,,,,,,,"665,4030514","652,7870342","625,6420232","623,0229864","626,902539","639,0696173","706,1126608","714,147532","680,2246756","660,6940415","669,1313188","637,6527269","658,9315177","663,9001815","666,2242909","669,0025735","674,7408234","682,0544153","651,4391241","620,252448","634,8499587","637,0085796","609,3857207","602,7544914","591,7275829","582,5109166","568,5682822","566,1307637","568,1380129","550,0509786","513,7070455","513,4652868","502,713913","484,0044119",,
Afganistán,AFG,Consumo de energía eléctrica (kWh per cápita),EG.USE.ELEC.KH.PC,,,,,,,,,,,,,,,,,,,,,,,,,,,,,,,,,,,,,,,,,,,,,,,,,,,,,,,,,,,,,,,,,,
,AFW,Consumo de energía eléctrica (kWh per cápita),EG.USE.ELEC.KH.PC,,,,,,,,,,,,,,,,,,,,,,,,,,,,,,,"127,5302666","128,2923429","131,010497","125,3992077","126,0281869","129,5227234","130,2434517","131,7022655","118,1077005","125,9840866","117,9599916","120,6263572","136,5047377","123,0816688","136,1075495","134,6709243","140,3840531","140,8622118","138,1486366","135,7117904","154,9794316","157,0289539","169,1799732","175,0777245","196,0646416","202,0695892","215,7393314","180,3307475","182,3293864","187,8005437","195,3999007","202,3816521","200,3286773","207,9649373",,
Angola,AGO,Consumo de energía eléctrica (kWh per cápita),EG.USE.ELEC.KH.PC,,,,,,,,,,,,,,,,,,,,,,,,,,,,,,,"54,18720907","55,47456159","54,49257034","53,01261739","51,62356099","50,146798","51,9371535","70,32544035","74,27749306","72,82714531","76,19697325","83,59602389","86,97057815","96,80271284","88,86894669","102,3784934","129,5510295","135,1874175","168,4535019","197,3252194","206,9987647","206,9504977","271,7119969","276,0874766","310,3741282","306,167407","331,6649002","315,1992971","370,7365733","411,2661029","439,1181739","394,7304141","373,0318278","379,1030105",,
Albania,ALB,Consumo de energía eléctrica (kWh per cápita),EG.USE.ELEC.KH.PC,,,,,,,,,,,,,,,,,,,,,,,,,,,,,,,"552,2521848","418,453589","453,6440739","536,3638251","596,4079593","663,7839954","904,3466403","694,6648028","734,8499135","1414,703784","1449,647413","1351,230796","1578,165919","1469,264539","1797,525487","1722,07285","1218,360146","1213,124369","1617,744156","1835,684072","1943,343354","2205,70392","2147,720075","2603,569453","2405,393099","2212,87134","2132,76301","2327,544052","2502,556819","2553,936228","2642,694425","2834,407465","2840,960077","2891,786481",,
Andorra,AND,Consumo de energía eléctrica (kWh per cápita),EG.USE.ELEC.KH.PC,,,,,,,,,,,,,,,,,,,,,,,,,,,,,,,,,,,,,,,,,,,,,,,,,,,,,,,,,,,,,,,,,,
El mundo árabe,ARB,Consumo de energía eléctrica (kWh per cápita),EG.USE.ELEC.KH.PC,,,,,,,,,,,,,,,,,,,,,,,,,,,,,,,"1070,433211","1038,307678","1133,108192","1198,404817","1230,249541","1257,557469","1293,972329","1331,859788","1421,718982","1465,658386","1492,182866","1553,693915","1617,009813","1680,756336","1718,770409","1793,475815","1892,044271","1947,848673","1989,663578","2053,578985","2265,839483","2274,142006","2411,483141","2457,862392","2570,661957","2602,226337","2580,130882","2638,845974","2649,327416","2655,276773","2569,951773","2668,583534","2676,565626","2739,437642",,
Emiratos Árabes Unidos,ARE,Consumo de energía eléctrica (kWh per cápita),EG.USE.ELEC.KH.PC,,,,,,,,,,,,,,,,,,,,,,,,,,,,,,,"8188,197364","7868,930234","8042,161411","8898,817466","9277,601293","9624,744626","9595,143758","9455,137875","10301,5339","10662,55482","10724,54434","10875,25748","11107,38759","11063,44084","11101,00843","12205,05103","12502,64519","13134,36339","11974,77765","11984,83747","12827,37672","13085,7207","13475,03223","13409,14914","13560,37144","14046,28701","13705,61813","13672,11577","13702,80273","13914,14266","13855,06579","14828,6941","14687,97398","15284,70106",,
Argentina,ARG,Consumo de energía eléctrica (kWh per cápita),EG.USE.ELEC.KH.PC,,,,,,,,,,,,,,,,,,,,,,,,,,,,,,,"1306,115805","1346,873428","1414,099509","1504,506947","1595,447278","1671,028417","1732,509957","1837,414711","1956,541223","2018,661284","2091,79431","2093,112725","2027,039695","2142,629497","2257,012304","2369,54637","2502,541825","2596,611825","2702,567782","2680,099203","2777,733779","2880,783577","2917,622836","2940,929545","3036,207336","3140,464207","3104,989251","3005,764831","2971,343648","2876,718527","2827,427398","2942,910775","2833,119098","2821,772332","2822,097148",
Armenia,ARM,Consumo de energía eléctrica (kWh per cápita),EG.USE.ELEC.KH.PC,,,,,,,,,,,,,,,,,,,,,,,,,,,,,,,"2711,895517","2608,760377","1891,730949","1163,803538","1020,326279","1021,592517","1178,80829","1456,432252","1267,92131","1275,224277","1236,534103","1205,554518","1172,260766","1252,160251","1365,603969","1441,647597","1551,277541","1673,424728","1572,349454","1564,905414","1631,305833","1716,701344","1804,503819","1851,753805","1895,281704","1909,405578","1889,850617","2006,108612","1938,699899","2084,050633","2114,131352","2262,093643","2403,677758","2386,06079",,
Samoa Americana,ASM,Consumo de energía eléctrica (kWh per cápita),EG.USE.ELEC.KH.PC,,,,,,,,,,,,,,,,,,,,,,,,,,,,,,,,,,,,,,,,,,,,,,,,,,,,,,,,,,,,,,,,,,
Antigua y Barbuda,ATG,Consumo de energía eléctrica (kWh per cápita),EG.USE.ELEC.KH.PC,,,,,,,,,,,,,,,,,,,,,,,,,,,,,,,,,,,,,,,,,,,,,,,,,,,,,,,,,,,,,,,,,,
Australia,AUS,Consumo de energía eléctrica (kWh per cápita),EG.USE.ELEC.KH.PC,,,,,,,,,,,,,,,,,,,,,,,,,,,,,,,"8527,214094","8522,141472","8558,334218","8717,645239","8837,004453","9027,88477","9151,392717","9338,471176","9837,816667","10097,13663","10260,44624","10712,69536","10860,61653","10524,40383","10659,60785","10556,309","10597,6901","10899,90014","10718,00401","10852,23888","10797,87125","10786,29101","10486,56683","10298,9308","10130,09801","10157,16538","10196,84793","10040,74886","10036,67069","10025,72506","9933,585577","9843,213728","9923,431671","9819,871191","9800,95598",
Austria,AUT,Consumo de energía eléctrica (kWh per cápita),EG.USE.ELEC.KH.PC,,,,,,,,,,,,,,,,,,,,,,,,,,,,,,,"6111,47652","6347,220096","6227,498049","6137,269463","6205,804904","6344,393087","6607,222977","6620,447862","6706,708677","6972,189816","7076,269483","7333,231953","7427,656445","7695,080037","7808,157792","8024,352475","8187,318811","8152,143449","8203,452841","7944,796096","8395,38542","8406,101165","8526,936743","8501,238764","8342,736951","8318,466257","8255,778977","8458,134898","8396,450843","8339,939999","8025,467249","8381,610258","8254,393929","7860,148771","7896,833966",
Azerbaiyán,AZE,Consumo de energía eléctrica (kWh per cápita),EG.USE.ELEC.KH.PC,,,,,,,,,,,,,,,,,,,,,,,,,,,,,,,"2569,823838","2631,028839","2276,061528","2119,736351","1961,943251","1952,022486","1852,891923","1813,670143","1936,939214","2022,485985","2040,47909","2106,470066","1996,708252","2235,459856","2281,947872","2388,388734","2552,286214","2118,210528","2040,760435","1620,38742","1603,431374","1705,424633","2052,650965","2092,536521","2202,393918","2244,920145","2215,660642","2120,553077","2182,746464","2243,851256","2257,180906","2389,090281","2365,86248","2366,958776",,
Burundi,BDI,Consumo de energía eléctrica (kWh per cápita),EG.USE.ELEC.KH.PC,,,,,,,,,,,,,,,,,,,,,,,,,,,,,,,,,,,,,,,,,,,,,,,,,,,,,,,,,,,,,,,,,,
Bélgica,BEL,Consumo de energía eléctrica (kWh per cápita),EG.USE.ELEC.KH.PC,,,,,,,,,,,,,,,,,,,,,,,,,,,,,,,"6380,31322","6655,414381","6850,663773","6881,072143","7176,240507","7379,737079","7527,688545","7701,612131","7913,05858","7944,129807","8247,677113","8267,187216","8311,892679","8411,900657","8467,02236","8409,983875","8606,405145","8555,577515","8494,419174","7910,994802","8353,015616","8081,886789","8001,579554","7991,105621","7700,558575","7699,883876","7753,837074","7801,649876","7748,278778","7673,266034","7420,568381","7681,123958","7285,913524","6931,101382","7098,808376",
Benin,BEN,Consumo de energía eléctrica (kWh per cápita),EG.USE.ELEC.KH.PC,,,,,,,,,,,,,,,,,,,,,,,,,,,,,,,"32,94531702","34,69843207","36,84687578","36,78031899","36,9063854","39,66741681","42,39768781","45,72129906","42,71308194","49,40868091","55,25076856","58,42379844","64,8823922","61,41737657","66,79663208","69,90148756","70,97467205","75,27388134","81,37863866","82,65485719","86,04249826","87,48097685","85,5000314","91,51323104","104,2610683","96,91320441","92,06826353","95,10140551","96,90433451","98,68972884","98,46850488","113,2448205","105,3090515","114,6620439",,
Burkina Faso,BFA,Consumo de energía eléctrica (kWh per cápita),EG.USE.ELEC.KH.PC,,,,,,,,,,,,,,,,,,,,,,,,,,,,,,,"18,12354493","18,62765886","18,79684608","19,65211104","19,26154591","20,60322785","21,95957898","24,60165665","25,79918766","27,21399217","28,59407863","30,01219764","33,04182662","34,01482221","36,59114792","40,19487913","41,88202807","42,72319681","43,32127219","47,29451805","68,43261131","75,62159148","86,30184203","92,17079978","98,08298775","113,0076671","108,8707358","112,1923363","118,9434262","124,0342502","131,8981744","126,4818943","126,6158065","133,3288398",,
Bangladesh,BGD,Consumo de energía eléctrica (kWh per cápita),EG.USE.ELEC.KH.PC,,,,,,,,,,,,,,,,,,,,,,,,,,,,,,,"46,00760539","46,78913145","56,25594383","62,76011078","66,58457975","73,49080594","77,2051239","79,11283622","84,05958936","92,07613479","99,25355145","109,4909639","117,2717989","123,7210511","158,4782882","169,1867949","189,5960898","198,7441279","200,6900666","218,8320227","239,9443145","258,8822283","276,6942159","294,6295866","324,9645369","347,5711825","409,6897486","441,1659154","473,3031515","513,6342905","511,6957974","572,5137546","603,6429564","602,8973857",,
Bulgaria,BGR,Consumo de energía eléctrica (kWh per cápita),EG.USE.ELEC.KH.PC,,,,,,,,,,,,,,,,,,,,,,,,,,,,,,,"4758,731903","4361,144516","3735,525454","3807,696906","3825,386616","4211,125131","4350,443259","3999,365741","3932,401784","3613,367267","3673,606871","3859,090025","3853,819004","3997,902596","3971,822736","4165,180392","4366,912765","4523,322878","4674,503151","4483,747139","4560,414917","4863,691441","4757,121927","4712,147547","4809,734035","4992,250393","5124,642831","5387,987421","5353,90873","5395,417613","5304,932484","5560,9845","5536,498524","5360,503435",,
Bahrein,BHR,Consumo de energía eléctrica (kWh per cápita),EG.USE.ELEC.KH.PC,,,,,,,,,,,,,,,,,,,,,,,,,,,,,,,"15048,65024","14404,07751","18735,30858","21888,82078","20673,59093","20730,7843","20772,33562","21313,32592","21562,65603","21154,9641","20863,19877","21233,41942","20709,22225","20142,12895","19123,72942","21333,85537","21463,43698","20525,45235","18677,91093","17558,33047","18219,14251","19158,67517","19192,46562","19615,52549","19917,66079","20288,66208","19531,14574","18552,19717","19439,94076","21808,16792","21442,6805","22118,96714","23151,54592","23120,25105",,
Bahamas,BHS,Consumo de energía eléctrica (kWh per cápita),EG.USE.ELEC.KH.PC,,,,,,,,,,,,,,,,,,,,,,,,,,,,,,,,,,,,,,,,,,,,,,,,,,,,,,,,,,,,,,,,,,
Bosnia y Herzegovina,BIH,Consumo de energía eléctrica (kWh per cápita),EG.USE.ELEC.KH.PC,,,,,,,,,,,,,,,,,,,,,,,,,,,,,,,"2947,409687","2063,995525","1111,080674","739,4066614","944,5935107","988,544404","1094,124089","1287,383714","1620,548566","1662,589082","1830,870017","1858,623097","1877,983821","2010,997666","2110,60793","2196,512969","2209,795455","2233,753523","2840,246999","2784,426183","3067,843605","3271,689172","3417,333472","3408,607204","3366,781408","3438,925395","3642,95683","3864,458705","3898,73044","3735,129798","3513,723465","3835,857237","3773,08801","3676,524839",,
Belarús,BLR,Consumo de energía eléctrica (kWh per cápita),EG.USE.ELEC.KH.PC,,,,,,,,,,,,,,,,,,,,,,,,,,,,,,,"4380,751349","4396,584282","3912,701745","3450,222433","3068,36199","2790,020749","2806,615123","2952,92294","3015,400275","3005,364257","2996,309475","3009,402482","3000,745625","3063,056939","3174,053092","3245,372088","3365,981865","3393,908536","3481,743517","3299,460902","3566,173013","3632,87856","3704,309041","3657,124679","3690,103683","3571,263987","3560,001136","3618,568538","3725,055714","3759,650726","3764,624808","4094,66831","3902,765811","4197,728163",,
Belice,BLZ,Consumo de energía eléctrica (kWh per cápita),EG.USE.ELEC.KH.PC,,,,,,,,,,,,,,,,,,,,,,,,,,,,,,,,,,,,,,,,,,,,,,,,,,,,,,,,,,,,,,,,,,
Bermudas,BMU,Consumo de energía eléctrica (kWh per cápita),EG.USE.ELEC.KH.PC,,,,,,,,,,,,,,,,,,,,,,,,,,,,,,,,,,,,,,,,,,,,,,,,,,,,,,,,,,,,,,,,,,
Bolivia,BOL,Consumo de energía eléctrica (kWh per cápita),EG.USE.ELEC.KH.PC,,,,,,,,,,,,,,,,,,,,,,,,,,,,,,,"256,2361311","270,1815821","279,5297548","301,6151451","321,5861847","340,3314625","358,6505465","377,3307705","394,5440334","408,1653882","400,8679197","404,4449644","418,1855668","427,7017247","438,9259049","467,1632221","465,5686612","497,730736","533,7606125","550,3043796","578,2557947","610,7878409","635,3292714","666,8783503","695,6473327","746,5474563","761,4476539","772,8796121","791,5979051","802,8181058","770,2919501","834,0202524","859,6396138","890,1387184",,
Brasil,BRA,Consumo de energía eléctrica (kWh per cápita),EG.USE.ELEC.KH.PC,,,,,,,,,,,,,,,,,,,,,,,,,,,,,,,"1459,38914","1485,477708","1493,90946","1538,127176","1568,41108","1637,276288","1691,319664","1768,199127","1815,030895","1839,607093","1905,771027","1756,811608","1817,135401","1894,629096","1970,415866","2031,50608","2089,174985","2185,748762","2249,325359","2217,790028","2398,608018","2458,558793","2530,977463","2600,672228","2690,21495","2628,097691","2592,613373","2610,166136","2640,416438","2661,183286","2624,843237","2723,966591","2787,760896","2916,486094","3068,096123",
Barbados,BRB,Consumo de energía eléctrica (kWh per cápita),EG.USE.ELEC.KH.PC,,,,,,,,,,,,,,,,,,,,,,,,,,,,,,,,,,,,,,,,,,,,,,,,,,,,,,,,,,,,,,,,,,
Brunei Darussalam,BRN,Consumo de energía eléctrica (kWh per cápita),EG.USE.ELEC.KH.PC,,,,,,,,,,,,,,,,,,,,,,,,,,,,,,,"4383,216082","4535,484166","4891,805855","5357,961664","5684,798181","6514,534934","6973,40718","7788,014056","7922,915633","7532,614719","7701,639585","7325,743599","7518,399054","8715,168894","8755,748617","8609,256762","8561,329227","8709,180771","8626,417112","8816,683638","8727,302387","8658,225439","9091,200497","9710,555883","10118,77624","9310,48857","9420,811855","8494,080024","8709,25744","10023,04147","11837,17624","11482,75152","11197,48776","10674,38866",,
Bhután,BTN,Consumo de energía eléctrica (kWh per cápita),EG.USE.ELEC.KH.PC,,,,,,,,,,,,,,,,,,,,,,,,,,,,,,,,,,,,,,,,,,,,,,,,,,,,,,,,,,,,,,,,,,
Botswana,BWA,Consumo de energía eléctrica (kWh per cápita),EG.USE.ELEC.KH.PC,,,,,,,,,,,,,,,,,,,,,,,,,,,,,,,"758,2163076","842,9252413","914,4708858","908,3771385","945,8755102","917,3785524","942,7611181","1008,467949","1075,363168","1130,330932","1209,026924","1248,062495","1325,108338","1417,44043","1472,487558","1518,03626","1517,191638","1538,299739","1528,228639","1574,844286","1574,43445","1580,875172","1640,411701","1626,117284","1805,672445","1726,976185","1656,989336","1618,177944","1574,93603","1501,661819","1472,170774","1463,704501","1590,234322","1640,967582",,
República Centroafricana,CAF,Consumo de energía eléctrica (kWh per cápita),EG.USE.ELEC.KH.PC,,,,,,,,,,,,,,,,,,,,,,,,,,,,,,,,,,,,,,,,,,,,,,,,,,,,,,,,,,,,,,,,,,
Canadá,CAN,Consumo de energía eléctrica (kWh per cápita),EG.USE.ELEC.KH.PC,,,,,,,,,,,,,,,,,,,,,,,,,,,,,,,"16190,70332","16207,83938","16192,75757","16347,17999","16413,31441","16561,86777","16645,16621","16677,48503","16456,94422","16701,69479","16844,47461","16625,78288","16912,19855","16920,87098","16823,82814","17852,89162","17468,56494","17525,89005","17382,25464","16317,778","16236,47566","16607,19094","16119,56998","16532,14367","16486,87452","15839,62895","15759,60524","15477,32492","15569,54971","15204,06385","14763,742","15003,71445","14901,64398","14472,31458","14093,46041",
Europa Central y del Báltico,CEB,Consumo de energía eléctrica (kWh per cápita),EG.USE.ELEC.KH.PC,,,,,,,,,,,,,,,,,,,,,,,,,,,,,,,"3735,572649","3462,504259","3216,431962","3146,300859","3172,377234","3299,471968","3426,234062","3385,927473","3337,344745","3281,706208","3341,726801","3430,725054","3454,663989","3588,323461","3676,626455","3739,653466","3888,525599","3984,588999","4049,994037","3839,915802","4017,354787","4096,087741","4091,870206","4079,875901","4125,765181","4217,555045","4326,760034","4455,707786","4522,572751","4502,491227","4409,520679","4690,360428","4545,613022","4357,734537","4750,791266",
Suiza,CHE,Consumo de energía eléctrica (kWh per cápita),EG.USE.ELEC.KH.PC,,,,,,,,,,,,,,,,,,,,,,,,,,,,,,,"7444,84529","7537,377327","7428,84304","7235,238204","7155,056732","7282,670001","7393,256361","7341,471307","7481,574194","7646,986117","7844,938581","7993,799045","8024,294029","8187,626627","8205,693794","8305,640023","8360,442516","8163,428007","8305,661525","8021,223604","8174,535959","7928,19067","7886,094306","7806,440718","7520,043905","7500,486574","7481,842964","7584,857262","7436,287698","7356,960939","7203,032773","7398,777604","7422,849127","7174,966492","7117,252389",
Islas del Canal,CHI,Consumo de energía eléctrica (kWh per cápita),EG.USE.ELEC.KH.PC,,,,,,,,,,,,,,,,,,,,,,,,,,,,,,,,,,,,,,,,,,,,,,,,,,,,,,,,,,,,,,,,,,
Chile,CHL,Consumo de energía eléctrica (kWh per cápita),EG.USE.ELEC.KH.PC,,,,,,,,,,,,,,,,,,,,,,,,,,,,,,,"1222,652736","1297,859958","1439,798994","1497,843327","1572,059063","1727,771854","1907,351178","2049,096617","2155,369727","2368,513523","2473,290941","2600,573367","2698,020075","2866,128599","3031,817122","3064,204554","3192,221062","3311,143676","3312,372454","3272,597315","3284,062406","3559,166372","3781,697013","3854,524615","3716,316352","3973,209771","4185,58466","4053,479986","4172,296781","4218,620688","4166,721733","4306,720886","4405,86311","4322,99269","4373,387377",
China,CHN,Consumo de energía eléctrica (kWh per cápita),EG.USE.ELEC.KH.PC,,,,,,,,,,,,,,,,,,,,,,,,,,,,,,,"510,6198549","548,9537531","604,6945415","662,6370456","727,1073597","770,2802412","821,0808591","852,7406865","870,6172223","913,963448","992,9433847","1076,549121","1194,856295","1379,484632","1585,838782","1782,312153","2039,01466","2325,926769","2446,369055","2612,45662","2943,589954","3295,784868","3466,020278","3757,185088","4006,168268","4017,077819","4237,545306","4571,042425","4842,206792","5082,38779","5261,941039","5847,80226","6112,135536","6523,719262",,
Côte d'Ivoire,CIV,Consumo de energía eléctrica (kWh per cápita),EG.USE.ELEC.KH.PC,,,,,,,,,,,,,,,,,,,,,,,,,,,,,,,"156,9347694","144,6719337","148,5571172","139,3423724","140,8253443","168,5563625","153,4744279","162,2092867","174,9285343","163,743648","161,7605149","168,9319928","163,175415","160,4660406","159,0201582","157,0125617","165,8652281","170,5613327","178,2988625","182,8353019","196,3263625","180,1844922","215,5786076","215,123158","253,675533","242,3321367","239,6745905","272,655466","259,8294149","279,0408076","290,5021464","308,4035566","329,5607613","353,8189829",,
Camerún,CMR,Consumo de energía eléctrica (kWh per cápita),EG.USE.ELEC.KH.PC,,,,,,,,,,,,,,,,,,,,,,,,,,,,,,,"206,9393789","200,0483407","196,5626031","198,8969436","174,1847222","166,7111332","172,4966021","182,6468903","179,4998324","184,5765342","182,3286582","171,8541898","161,2664452","173,7587204","199,8737304","193,6210021","255,0937992","263,3256169","276,8915955","274,3019322","270,4383847","238,7271366","240,7550887","245,0195249","250,4091928","278,5170977","250,9149656","263,5047096","275,332361","261,584535","259,7808105","241,7542913","222,9237162","226,0977256",,
"Congo, República Democrática del",COD,Consumo de energía eléctrica (kWh per cápita),EG.USE.ELEC.KH.PC,,,,,,,,,,,,,,,,,,,,,,,,,,,,,,,"123,4868668","118,8108881","109,6640207","97,9429135","95,66734377","101,8821208","98,97094065","90,83225943","88,56686174","89,36279908","90,06593523","88,75436708","83,25500231","83,82139253","82,10851725","83,38476613","94,99156558","98,46705112","94,95165324","100,4185325","98,55164236","101,7793949","105,9318881","111,4931713","117,4058593","111,7040869","106,817329","110,2506358","120,5584013","125,6731734","130,4510914","133,6272588","130,6679315","128,5285431",,
"Congo, República del",COG,Consumo de energía eléctrica (kWh per cápita),EG.USE.ELEC.KH.PC,,,,,,,,,,,,,,,,,,,,,,,,,,,,,,,"172,2283832","182,914705","175,4340703","158,3739351","142,1547062","149,1201366","152,1162734","128,1224657","110,7700688","69,24125433","95,83209709","104,5060759","114,0036129","113,4730203","122,8420604","114,9769519","122,7390669","122,0973613","132,0038303","140,1470002","134,2360089","140,7893401","204,2000232","198,0606119","199,1607515","297,1997895","304,2583144","306,2972586","243,109851","265,6382502","310,2841734","321,6125501","305,8770818","338,3533739",,
Colombia,COL,Consumo de energía eléctrica (kWh per cápita),EG.USE.ELEC.KH.PC,,,,,,,,,,,,,,,,,,,,,,,,,,,,,,,"889,3939159","888,5633408","793,9735379","889,2767159","926,6552814","936,3305818","926,4250401","932,6489328","907,8072135","839,4516969","857,4330159","877,9815651","885,3387057","888,2580291","924,0507904","920,5777771","972,6855378","1000,245771","999,8215674","1077,283486","1132,358996","1175,926953","1205,556677","1460,209903","1383,429754","1512,946365","1478,429139","1533,063523","1466,900251","1531,819007","1470,274628","1514,119287","1528,085461","1552,832782","1551,19383",
Comoras,COM,Consumo de energía eléctrica (kWh per cápita),EG.USE.ELEC.KH.PC,,,,,,,,,,,,,,,,,,,,,,,,,,,,,,,,,,,,,,,,,,,,,,,,,,,,,,,,,,,,,,,,,,
Cabo Verde,CPV,Consumo de energía eléctrica (kWh per cápita),EG.USE.ELEC.KH.PC,,,,,,,,,,,,,,,,,,,,,,,,,,,,,,,,,,,,,,,,,,,,,,,,,,,,,,,,,,,,,,,,,,
Costa Rica,CRI,Consumo de energía eléctrica (kWh per cápita),EG.USE.ELEC.KH.PC,,,,,,,,,,,,,,,,,,,,,,,,,,,,,,,"1071,20914","1121,737219","1406,405952","1334,844276","1270,31151","1285,084533","1254,485684","1366,125016","1320,701547","1444,032665","1516,352404","1495,15571","1568,072272","1653,625799","1689,492433","1730,951554","1832,996247","1896,011367","1898,849924","1853,641647","1896,855154","1894,862569","1952,857823","1950,532924","1954,010378","1981,09687","2068,215356","2065,465991","2066,029854","2090,186863","2022,318804","2111,269829","2142,956237","2206,041494","2282,301249",
Estados pequeos del Caribe,CSS,Consumo de energía eléctrica (kWh per cápita),EG.USE.ELEC.KH.PC,,,,,,,,,,,,,,,,,,,,,,,,,,,,,,,,,,,,,,,,,,,,,,,,,,,,,,,,,,,,,,,,,,
Cuba,CUB,Consumo de energía eléctrica (kWh per cápita),EG.USE.ELEC.KH.PC,,,,,,,,,,,,,,,,,,,,,,,,,,,,,,,"1208,356178","1044,539656","900,3503773","836,1750833","894,5417247","916,2167807","972,4493957","1039,467958","1045,790774","1081,715246","1139,695362","1159,982671","1187,483549","1195,516292","1176,553704","1154,977814","1225,334817","1298,010715","1316,800691","1326,195012","1294,89868","1324,860057","1373,596357","1433,595379","1453,599775","1521,321607","1539,286104","1545,275982","1563,001297","1584,508079","1525,989603","1420,226704","1346,766946","1461,715141",,
Curacao,CUW,Consumo de energía eléctrica (kWh per cápita),EG.USE.ELEC.KH.PC,,,,,,,,,,,,,,,,,,,,,,,,,,,,,,,"4662,998624","4771,369016","5162,877314","5537,113909","5883,979811","6090,713041","6301,860484","6280,791529","6769,477823","7000,028689","7291,199761","7222,174867","7282,999884","7521,02019","7571,241207","7613,070072","7243,041936","7323,540845","7149,712092","7423,399372","7471,268233","7379,119677","5358,739677","5031,789991","4983,676375","4949,99367","4929,101112","4957,078196","4832,555104","4973,291582","4804,414659","4897,757684","5028,665349","5276,294179",,
Islas Caimán,CYM,Consumo de energía eléctrica (kWh per cápita),EG.USE.ELEC.KH.PC,,,,,,,,,,,,,,,,,,,,,,,,,,,,,,,,,,,,,,,,,,,,,,,,,,,,,,,,,,,,,,,,,,
Chipre,CYP,Consumo de energía eléctrica (kWh per cápita),EG.USE.ELEC.KH.PC,,,,,,,,,,,,,,,,,,,,,,,,,,,,,,,"2363,160572","2431,960187","2803,757924","2978,085648","3030,780177","2761,114878","2794,53362","2846,580983","3078,023242","3160,322755","3357,719537","3441,455327","3686,419954","3894,596785","3917,966351","4065,044574","4202,318246","4340,392686","4514,099572","4530,495209","4523,787568","4159,64162","3929,991239","3466,523636","3475,617011","3541,609608","3737,737569","3807,777401","3857,603894","3853,354898","3540,035032","3716,667843","3848,667162","3841,704239",,
República Checa,CZE,Consumo de energía eléctrica (kWh per cápita),EG.USE.ELEC.KH.PC,,,,,,,,,,,,,,,,,,,,,,,,,,,,,,,"5600,407612","5256,302082","5077,660185","5032,403649","5186,969442","5470,670661","5729,386255","5660,060028","5604,80954","5493,85153","5703,816739","5892,172595","5894,233119","6074,849142","6230,398228","6357,421095","6528,53015","6518,217413","6501,548494","6133,128353","6347,756103","6290,724697","6289,825165","6270,334266","6270,672121","6382,47899","6459,668313","6573,732368","6572,104722","6525,473043","6286,679072","6690,607792","6363,029344","5965,367218","5876,922095",
Alemania,DEU,Consumo de energía eléctrica (kWh per cápita),EG.USE.ELEC.KH.PC,,,,,,,,,,,,,,,,,,,,,,,,,,,,,,,"6639,731691","6564,797195","6445,874","6288,41635","6244,957228","6327,709754","6403,333726","6427,798768","6479,490249","6505,132999","6635,421406","6762,653396","6900,780527","7015,505916","7116,233819","7144,708738","7219,988149","7238,498375","7197,689707","6827,561036","7265,99788","7281,957319","7251,526665","7217,181891","7035,618807","7032,021441","6972,365273","6947,263826","6815,821362","6580,292564","6367,105029","6582,545874","6316,275712","5947,2712","6109,085413",
Djibouti,DJI,Consumo de energía eléctrica (kWh per cápita),EG.USE.ELEC.KH.PC,,,,,,,,,,,,,,,,,,,,,,,,,,,,,,,,,,,,,,,,,,,,,,,,,,,,,,,,,,,,,,,,,,
Dominica,DMA,Consumo de energía eléctrica (kWh per cápita),EG.USE.ELEC.KH.PC,,,,,,,,,,,,,,,,,,,,,,,,,,,,,,,,,,,,,,,,,,,,,,,,,,,,,,,,,,,,,,,,,,
Dinamarca,DNK,Consumo de energía eléctrica (kWh per cápita),EG.USE.ELEC.KH.PC,,,,,,,,,,,,,,,,,,,,,,,,,,,,,,,"5944,828367","6217,335513","6236,258477","6306,869562","6539,535706","6424,728373","6646,685948","6607,201412","6504,256329","6508,513381","6482,488628","6490,092993","6533,752014","6602,63638","6614,459777","6659,000427","6824,745939","6668,390266","6534,12385","6219,701092","6327,506456","6165,97362","6038,373466","6039,253904","5858,978732","5821,606223","5887,384973","5885,01608","5744,751655","5755,172225","5693,997535","6132,42912","5847,159691","5878,137237","6165,475878",
República Dominicana,DOM,Consumo de energía eléctrica (kWh per cápita),EG.USE.ELEC.KH.PC,,,,,,,,,,,,,,,,,,,,,,,,,,,,,,,"393,7819371","403,1588033","545,2855559","514,1830244","532,9582905","502,5281705","638,1261847","642,0295965","1129,072356","1300,46525","1366,81504","1307,870398","1404,052197","1420,391911","1168,932042","1277,718868","1332,379421","1352,946564","1336,866835","1231,21957","1306,290367","1381,311433","1465,382098","1519,055688","1459,838023","1504,480811","1549,742547","1567,192842","1605,538389","1706,987938","1693,449488","1819,125604","1818,670089","1867,399624",,
Argelia,DZA,Consumo de energía eléctrica (kWh per cápita),EG.USE.ELEC.KH.PC,,,,,,,,,,,,,,,,,,,,,,,,,,,,,,,"539,6083908","540,9434719","568,1867684","555,1920428","557,4226155","565,5740069","575,1033202","578,8845382","621,3454902","655,9942173","686,3536578","711,8139443","733,2090636","788,5735803","805,6813036","891,714578","862,8784874","893,6976285","944,9417484","862,4856634","1010,715195","1115,96836","1229,341655","1269,791817","1353,091648","1438,572653","1470,353485","1554,499633","1568,473006","1651,177957","1591,977093","1681,482396","1756,587213","1827,95251",,
Asia oriental y el Pacífico (excluido altos ingresos),EAP,Consumo de energía eléctrica (kWh per cápita),EG.USE.ELEC.KH.PC,,,,,,,,,,,,,,,,,,,,,,,,,,,,,,,"460,7091544","492,4171367","536,7745622","584,0823428","641,9318315","680,3511221","727,6342306","759,2085931","770,7965417","806,3827906","870,6879644","935,7712495","1025,161047","1162,933522","1318,532145","1461,814049","1647,769708","1855,631118","1943,435714","2071,219862","2321,272598","2564,802378","2698,652192","2906,047812","3084,986905","3108,598052","3284,005143","3520,699074","3730,098027","3909,290561","4017,525897","4427,363298","4635,520749","4919,995046",,
inicial del dividendo demográfico,EAR,Consumo de energía eléctrica (kWh per cápita),EG.USE.ELEC.KH.PC,,,,,,,,,,,,,,,,,,,,,,,,,,,,,,,"525,6925856","543,3279606","559,7644853","576,3100246","598,2930906","615,2713969","640,1214745","664,2330807","681,1816889","693,1132758","713,6488916","719,0360611","740,7907862","772,1895205","796,9457112","829,360145","872,4170497","906,4942785","923,0692477","936,0686247","990,2991387","1032,312944","1070,300987","1091,987827","1138,24732","1171,450666","1204,520652","1248,151483","1298,325113","1302,631599","1254,044485","1323,134022","1389,197185","1454,189361",,
Asia oriental y el Pacífico,EAS,Consumo de energía eléctrica (kWh per cápita),EG.USE.ELEC.KH.PC,,,,,,,,,,,,,,,,,,,,,,,,,,,,,,,"1093,818057","1140,054089","1185,617893","1238,55069","1329,829067","1379,170646","1442,884913","1490,598446","1499,220442","1550,969098","1643,657546","1704,806815","1800,000723","1925,930837","2091,99428","2236,070875","2412,437563","2613,40712","2675,69909","2781,00741","3063,310095","3274,566645","3387,56413","3569,587186","3717,036589","3732,845247","3897,032497","4118,197497","4306,370938","4449,518878","4539,688216","4939,547624","5115,638059","5352,800461",,
Europa y Asia central (excluido altos ingresos),ECA,Consumo de energía eléctrica (kWh per cápita),EG.USE.ELEC.KH.PC,,,,,,,,,,,,,,,,,,,,,,,,,,,,,,,"3078,824466","2980,699529","2768,801716","2507,869574","2328,885294","2261,650135","2178,847635","2149,877034","2137,729987","2125,443243","2178,893929","2182,850124","2209,195358","2302,128393","2387,723852","2461,867244","2582,485619","2678,368681","2725,277197","2568,817787","2726,064512","2856,952725","2911,356155","2917,507312","2885,970418","2877,469934","2922,894144","2976,723795","3076,040669","3050,377878","3055,289157","3274,626533","3128,159708","3152,120004",,
Europa y Asia central,ECS,Consumo de energía eléctrica (kWh per cápita),EG.USE.ELEC.KH.PC,,,,,,,,,,,,,,,,,,,,,,,,,,,,,,,"5032,513884","4999,758917","4847,992255","4694,197068","4582,517351","4627,514871","4671,386991","4682,856219","4723,321616","4793,749013","4920,725617","5007,384601","5052,733406","5165,782982","5271,691996","5351,813685","5468,713642","5535,763574","5566,276056","5278,724698","5508,850051","5481,943817","5511,520873","5456,49342","5365,605317","5399,246711","5448,032367","5491,055311","5519,320642","5453,05033","5296,176673","5552,93886","5395,611815","5313,338285",,
Ecuador,ECU,Consumo de energía eléctrica (kWh per cápita),EG.USE.ELEC.KH.PC,,,,,,,,,,,,,,,,,,,,,,,,,,,,,,,"469,5582915","498,0200666","512,2538364","508,4149807","541,9357403","545,7048756","606,5557809","650,3962596","683,6073966","633,3196881","637,7861625","649,9240167","694,068534","717,7520467","804,7792365","848,1049949","936,3820342","929,5282995","980,7754294","1027,927107","1100,506444","1164,409218","1254,415402","1297,452643","1367,685089","1418,399168","1423,435452","1451,354302","1484,614225","1510,205783","1467,052584","1550,011101","1589,551376","1675,631864",,
"Egipto, República Árabe de",EGY,Consumo de energía eléctrica (kWh per cápita),EG.USE.ELEC.KH.PC,,,,,,,,,,,,,,,,,,,,,,,,,,,,,,,"651,5617052","664,195672","666,3070956","679,9417779","690,8702353","707,6640442","762,3674197","798,5914139","837,9359428","889,1100642","920,1283292","966,7654177","1011,671997","1072,590809","1110,818324","1175,176574","1239,35309","1322,401425","1360,324778","1422,613401","1611,550787","1558,768599","1562,359769","1504,842686","1576,470029","1566,919326","1478,937556","1564,919677","1557,633784","1509,96961","1431,421328","1459,177775","1477,948734","1492,896036",,
Zona del Euro,EMU,Consumo de energía eléctrica (kWh per cápita),EG.USE.ELEC.KH.PC,,,,,,,,,,,,,,,,,,,,,,,,,,,,,,,"5249,153942","5329,543994","5324,457031","5271,590966","5353,931258","5483,827512","5620,977863","5707,678842","5834,830254","5956,207882","6127,653633","6273,538644","6376,426975","6515,749093","6632,089828","6681,37337","6754,628708","6767,67204","6765,099406","6414,758456","6679,40777","6582,3172","6565,938613","6489,114155","6328,532747","6400,619352","6433,879028","6484,435458","6430,903589","6324,349236","6054,229065","6293,225869","6093,952997","5875,536922","6013,774726",
Eritrea,ERI,Consumo de energía eléctrica (kWh per cápita),EG.USE.ELEC.KH.PC,,,,,,,,,,,,,,,,,,,,,,,,,,,,,,,,,"68,38089605","68,96529429","73,6709833","73,07678444","79,39998046","85,96115021","78,42529349","82,70139824","80,10570393","87,79976809","94,02510178","97,03665299","93,90813321","94,317821","89,14363666","92,59185002","90,18839077","94,18657599","96,42854475","94,38099574","94,17225224","82,29355053","85,94026893","82,43316956","82,56797937","104,1155149","108,0569789","109,2527176","110,2917384","115,2175866","118,7875922","123,3290783",,
España,ESP,Consumo de energía eléctrica (kWh per cápita),EG.USE.ELEC.KH.PC,,,,,,,,,,,,,,,,,,,,,,,,,,,,,,,"3536,827158","3607,802789","3690,693155","3638,628253","3756,165626","3917,450512","4009,089831","4324,570431","4479,221343","4815,623888","5167,711073","5422,344333","5576,25663","5675,642715","5891,538573","6111,356671","6105,188469","6054,529214","6025,772757","5652,595933","5706,563063","5599,355981","5573,379802","5411,229379","5358,288256","5477,30258","5504,26697","5605,864152","5556,794042","5418,869331","5089,18774","5236,424781","5179,769633","5117,82962","5196,111105",
Estonia,EST,Consumo de energía eléctrica (kWh per cápita),EG.USE.ELEC.KH.PC,,,,,,,,,,,,,,,,,,,,,,,,,,,,,,,"5157,490501","5115,562917","4868,595537","3922,689355","4366,453928","4250,908721","4573,345182","4833,033829","4759,926011","4467,56109","4540,492561","4680,447946","4767,462935","5158,602778","5429,525522","5531,545829","5869,424789","6277,411463","6364,56783","5975,953811","6506,318181","6314,414448","6689,367776","6664,658569","6732,367473","6481,644084","7150,83714","7322,845882","7354,893466","6987,726261","7030,346245","6644,216233","6464,072833","5722,16311","5297,517162",
Etiopía,ETH,Consumo de energía eléctrica (kWh per cápita),EG.USE.ELEC.KH.PC,,,,,,,,,,,,,,,,,,,,,,,,,,,,,,,"22,72643495","21,88377551","21,54135554","23,18051959","23,48434788","23,88014669","24,26529994","23,66274584","23,48354236","22,63877535","22,35523811","26,06214314","25,68558275","27,98219536","30,03527758","32,66661537","36,45443338","38,4100654","38,49495909","37,34903185","42,65588013","47,82610236","55,24079449","65,13694998","65,4795041","73,84433969","81,14832412","80,817766","91,91921136","92,31243807","93,3839345","83,88012476","95,64994376","112,5558284",,
Unión Europea,EUU,Consumo de energía eléctrica (kWh per cápita),EG.USE.ELEC.KH.PC,,,,,,,,,,,,,,,,,,,,,,,,,,,,,,,"5129,390277","5147,039485","5108,615658","5064,363422","5132,324081","5256,072681","5388,288443","5449,29903","5541,746282","5623,883083","5780,052741","5916,743273","5995,812089","6126,938415","6238,710557","6292,187562","6375,432819","6402,104807","6405,190893","6078,698372","6341,755565","6255,899251","6250,34272","6180,856462","6055,102594","6131,292434","6182,688","6240,111348","6209,029291","6112,82189","5882,434173","6141,186287","5944,838154","5736,066122","5998,215016",
Finlandia,FIN,Consumo de energía eléctrica (kWh per cápita),EG.USE.ELEC.KH.PC,,,,,,,,,,,,,,,,,,,,,,,,,,,,,,,"12485,68365","12470,73043","12514,10157","13012,66943","13603,27636","13591,39667","13721,92376","14454,93873","14846,42082","15075,86719","15305,40981","15709,88325","16140,06697","16445,57256","16777,56585","16117,89033","17215,60695","17161,61945","16349,98614","15244,04692","16484,84008","15711,9017","15690,14684","15512,12251","15251,27108","15056,21558","15489,95569","15464,17768","15805,38571","15508,16918","14688,73648","15646,58618","14738,19974","14392,77954","14819,27383",
Fiji,FJI,Consumo de energía eléctrica (kWh per cápita),EG.USE.ELEC.KH.PC,,,,,,,,,,,,,,,,,,,,,,,,,,,,,,,,,,,,,,,,,,,,,,,,,,,,,,,,,,,,,,,,,,
Francia,FRA,Consumo de energía eléctrica (kWh per cápita),EG.USE.ELEC.KH.PC,,,,,,,,,,,,,,,,,,,,,,,,,,,,,,,"5966,425712","6360,307764","6476,280764","6453,384657","6530,651407","6622,009256","6904,985773","6832,769961","7014,98923","7148,657897","7223,796334","7341,425466","7298,42043","7528,9332","7661,146208","7652,666423","7540,165686","7518,984443","7647,939617","7342,592629","7737,802838","7350,228027","7473,827235","7506,204891","7106,655264","7208,301367","7276,875535","7229,039353","7156,816901","7059,07467","6685,615073","6950,699611","6649,389318","6415,026112","6447,211419",
Islas Feroe,FRO,Consumo de energía eléctrica (kWh per cápita),EG.USE.ELEC.KH.PC,,,,,,,,,,,,,,,,,,,,,,,,,,,,,,,,,,,,,,,,,,,,,,,,,,,,,,,,,,,,,,,,,,
Micronesia (Estados Federados de),FSM,Consumo de energía eléctrica (kWh per cápita),EG.USE.ELEC.KH.PC,,,,,,,,,,,,,,,,,,,,,,,,,,,,,,,,,,,,,,,,,,,,,,,,,,,,,,,,,,,,,,,,,,
Gabón,GAB,Consumo de energía eléctrica (kWh per cápita),EG.USE.ELEC.KH.PC,,,,,,,,,,,,,,,,,,,,,,,,,,,,,,,"887,435018","875,5285323","855,1782584","837,392923","739,9152295","745,1836829","820,301819","827,8040593","887,1569385","871,2679483","847,4629421","862,8661359","883,9261487","891,2359388","869,4373769","868,4689732","891,0475577","912,4574213","921,4926813","881,7036561","896,5747009","908,5373895","930,7543659","924,6970428","933,0777058","965,2183329","1011,281213","1038,991145","1017,032814","1072,449427","1052,296646","1063,229103","1050,705812","1023,426939",,
Reino Unido,GBR,Consumo de energía eléctrica (kWh per cápita),EG.USE.ELEC.KH.PC,,,,,,,,,,,,,,,,,,,,,,,,,,,,,,,"5356,57521","5451,677171","5452,393333","5491,989118","5380,264265","5575,808489","5815,828404","5831,957547","5908,87149","6007,484416","6114,529259","6141,965636","6142,73299","6174,40001","6138,604107","6271,000615","6200,554113","6102,396768","6015,387093","5644,573768","5712,741211","5472,534181","5456,247744","5395,833983","5119,005246","5078,341297","5009,618023","4932,311564","4902,016987","4775,61986","4511,297573","4570,052853","4314,477497","4229,270642","4194,887487",
Georgia,GEO,Consumo de energía eléctrica (kWh per cápita),EG.USE.ELEC.KH.PC,,,,,,,,,,,,,,,,,,,,,,,,,,,,,,,"3039,150354","2696,705887","2125,166718","1936,836961","1988,595713","1492,360429","1150,78949","1331,520883","1517,812559","1563,795947","1574,391404","1583,559873","1653,380721","1749,863857","1814,45966","1916,479029","1769,171675","1829,976908","1881,537211","1833,044561","2049,544524","2289,134849","2329,92587","2498,340357","2693,97276","2727,583137","2873,235583","3068,397995","3268,976203","3311,953434","3150,656671","3604,854649","3682,960979","3382,332795",,
Ghana,GHA,Consumo de energía eléctrica (kWh per cápita),EG.USE.ELEC.KH.PC,,,,,,,,,,,,,,,,,,,,,,,,,,,,,,,"310,4975184","323,6738746","339,3913631","326,2903524","327,6018217","341,800919","354,7409204","379,7914333","265,5709781","348,3575654","320,2104263","325,2827667","298,8510804","212,3333164","210,9903569","235,90791","284,8003503","234,5797543","253,1139657","254,9203899","272,1884734","305,8046786","336,6465841","351,9656785","341,9206727","306,2091991","357,7031811","408,8528148","444,388812","469,7855286","503,5466689","542,2116806","552,5028212","564,9949269",,
Gibraltar,GIB,Consumo de energía eléctrica (kWh per cápita),EG.USE.ELEC.KH.PC,,,,,,,,,,,,,,,,,,,,,,,,,,,,,,,"5257,352941","5799,687709","6101,644468","6206,13225","6314,475568","6392,227052","6439,40772","6489,739685","6726,943942","6969,521884","7145,692735","7267,599523","7473,680428","7498,05475","7278,42591","7269,485307","7400,148679","8098,380324","8417,453063","8402,816079","9056,579621","9191,408718","8991,851135","8485,820965","7893,213056","7742,596331","7576,207737","7621,550591","7947,437884","7945,00479","4893,152351","4910,73851","4812,677816","5016,765876",,
Guinea,GIN,Consumo de energía eléctrica (kWh per cápita),EG.USE.ELEC.KH.PC,,,,,,,,,,,,,,,,,,,,,,,,,,,,,,,,,,,,,,,,,,,,,,,,,,,,,,,,,,,,,,,,,,
Gambia,GMB,Consumo de energía eléctrica (kWh per cápita),EG.USE.ELEC.KH.PC,,,,,,,,,,,,,,,,,,,,,,,,,,,,,,,,,,,,,,,,,,,,,,,,,,,,,,,,,,,,,,,,,,
Guinea-Bissau,GNB,Consumo de energía eléctrica (kWh per cápita),EG.USE.ELEC.KH.PC,,,,,,,,,,,,,,,,,,,,,,,,,,,,,,,,,,,,,,,,,,,,,,,,,,,,,,,,,,,,,,,,,,
Guinea Ecuatorial,GNQ,Consumo de energía eléctrica (kWh per cápita),EG.USE.ELEC.KH.PC,,,,,,,,,,,,,,,,,,,,,,,,,,,,,,,"59,03760274","60,9487279","52,86136617","56,6013173","56,34949776","56,01613265","47,17839499","38,90463986","63,91529509","71,94093649","89,58037991","165,3694941","155,3968447","154,5062758","178,9053879","177,3335993","179,7357077","189,1811545","177,9572718","198,1204097","214,450607","285,8672851","509,4771249","556,3734848","732,2328172","793,0268659","822,1797577","757,1703973","752,2787985","749,6211479","732,9003512","732,8918925","745,1990386","792,4011758",,
Grecia,GRC,Consumo de energía eléctrica (kWh per cápita),EG.USE.ELEC.KH.PC,,,,,,,,,,,,,,,,,,,,,,,,,,,,,,,"3221,40532","3253,220687","3398,383758","3459,422977","3598,523798","3708,997588","3832,66722","3989,116107","4175,734566","4316,32629","4586,32987","4719,147217","4909,639698","5091,292424","5200,024354","5297,200025","5434,576469","5701,330854","5805,192546","5625,632877","5334,608479","5389,333122","5534,897159","5028,995794","5062,606422","5229,425362","5500,849993","5616,34615","5059,032607","5118,461063","4851,289407","4993,978314","4827,355943","4693,509424","4685,955991",
Granada,GRD,Consumo de energía eléctrica (kWh per cápita),EG.USE.ELEC.KH.PC,,,,,,,,,,,,,,,,,,,,,,,,,,,,,,,,,,,,,,,,,,,,,,,,,,,,,,,,,,,,,,,,,,
Groenlandia,GRL,Consumo de energía eléctrica (kWh per cápita),EG.USE.ELEC.KH.PC,,,,,,,,,,,,,,,,,,,,,,,,,,,,,,,,,,,,,,,,,,,,,,,,,,,,,,,,,,,,,,,,,,
Guatemala,GTM,Consumo de energía eléctrica (kWh per cápita),EG.USE.ELEC.KH.PC,,,,,,,,,,,,,,,,,,,,,,,,,,,,,,,"193,46747","197,3559905","246,5799632","232,4187677","254,8856907","281,5864565","244,5309815","222,4216905","314,4765599","361,9900788","329,1275675","433,2707127","465,0967203","467,1941415","482,1430607","509,794402","529,7940319","545,4862423","544,8084107","555,3753546","546,8233625","552,0504625","564,0290989","574,6283454","588,2005966","616,6515452","641,7821641","633,1728108","653,2236594","653,9481307","680,0010946","784,8329275","670,6119725","733,0824143",,
Guam,GUM,Consumo de energía eléctrica (kWh per cápita),EG.USE.ELEC.KH.PC,,,,,,,,,,,,,,,,,,,,,,,,,,,,,,,,,,,,,,,,,,,,,,,,,,,,,,,,,,,,,,,,,,
Guyana,GUY,Consumo de energía eléctrica (kWh per cápita),EG.USE.ELEC.KH.PC,,,,,,,,,,,,,,,,,,,,,,,,,,,,,,,,,,,,,,,,,,,,,,,,,,,,,,,,,,,,,,,,,,
Ingreso alto,HIC,Consumo de energía eléctrica (kWh per cápita),EG.USE.ELEC.KH.PC,,,,,,,,,,,,,,,,,,,,,,,,,,,,,,,"7129,661193","7254,632357","7200,486326","7240,107518","7320,857139","7464,905206","7612,087851","7690,867917","7803,603712","7948,587181","8207,324864","8149,316784","8285,904192","8381,474166","8516,140229","8712,924105","8777,523881","8870,635696","8867,789357","8499,903333","8881,386898","8826,126376","8791,864734","8780,500075","8740,68488","8733,40387","8775,111534","8771,128541","8910,431046","8760,760883","8561,301873","8840,728747","8849,773788","8664,853021","8837,813108",
"Hong Kong, Región Administrativa Especial",HKG,Consumo de energía eléctrica (kWh per cápita),EG.USE.ELEC.KH.PC,,,,,,,,,,,,,,,,,,,,,,,,,,,,,,,"4177,929705","4401,251739","4507,887251","4698,695136","4835,470723","4849,823752","5308,678424","5354,968949","5680,272629","5623,552562","5825,956489","5916,327838","6039,352916","6125,126285","6210,805631","6327,423237","6305,726911","6360,048003","6313,921067","6406,895365","6398,166339","6426,692686","6521,307394","6456,003009","6498,374715","6406,402151","6390,426083","6290,10442","6298,070472","6338,123843","6193,155995","6506,0501","6423,272212","6359,124746",,
Honduras,HND,Consumo de energía eléctrica (kWh per cápita),EG.USE.ELEC.KH.PC,,,,,,,,,,,,,,,,,,,,,,,,,,,,,,,"366,0283892","349,936141","326,856218","340,0175799","302,9085313","351,9386331","399,3933557","412,2570969","442,0611921","440,7493645","488,7672469","499,852545","514,9261572","538,5426732","550,2128101","564,5626612","584,1841639","632,9454824","646,4828401","616,9795256","646,6745033","640,4714994","639,9255727","647,2966646","663,7889239","687,1051676","699,2917838","737,1609313","739,3594198","776,9796009","676,9015499","780,4758016","757,0811264","752,1007105",,
Países pobres muy endeudados (PPME),HPC,Consumo de energía eléctrica (kWh per cápita),EG.USE.ELEC.KH.PC,,,,,,,,,,,,,,,,,,,,,,,,,,,,,,,"110,1209529","108,8310662","107,4959815","104,5549114","102,7349497","107,7087885","108,7797207","109,355907","102,7903978","108,9024011","111,323459","119,843354","119,5093717","122,2413966","129,6772146","134,4764595","141,7863647","143,7053082","144,798353","146,5558829","156,203033","161,5480476","174,2312369","179,3564725","183,3850251","187,5591188","191,5361343","200,1258647","204,5510068","208,4705509","204,925971","211,5314538","215,303627","220,1433378",,
Croacia,HRV,Consumo de energía eléctrica (kWh per cápita),EG.USE.ELEC.KH.PC,,,,,,,,,,,,,,,,,,,,,,,,,,,,,,,"2966,277666","2608,859587","2227,798396","2218,254989","2203,127069","2314,703584","2405,039875","2609,968864","2631,430882","2778,887634","2828,815062","2993,272463","3191,409738","3257,889868","3429,354644","3582,246073","3744,468715","3846,674077","3990,29632","3818,422501","3922,310867","3900,601361","3825,725853","3773,569754","3746,907724","3947,756655","4028,618409","4249,015256","4310,847315","4363,711864","4164,062903","4506,595933","4475,520413","4484,043521",,
Haití,HTI,Consumo de energía eléctrica (kWh per cápita),EG.USE.ELEC.KH.PC,,,,,,,,,,,,,,,,,,,,,,,,,,,,,,,"60,39879838","46,17286951","41,33637849","29,26555413","19,13805696","30,94196055","34,64132669","43,03376317","37,73989043","39,99364028","36,49217026","35,83289242","31,1351275","29,22403787","28,730914","37,85340095","38,19211545","25,81802602","24,02742946","36,32768022","59,97983943","84,62008306","92,95146831","87,84662488","84,73730712","83,90950241","86,4924068","83,28900805","81,36932533","82,03391522","75,50795777","74,11258748","76,2369643",,,
Hungría,HUN,Consumo de energía eléctrica (kWh per cápita),EG.USE.ELEC.KH.PC,,,,,,,,,,,,,,,,,,,,,,,,,,,,,,,"3426,551101","3223,918869","3116,012869","2995,986589","3025,71071","3066,522154","3162,374877","3188,381968","3215,679628","3321,406628","3309,283711","3426,722902","3545,170756","3637,278332","3680,168467","3771,364614","3882,490664","3976,518977","3988,767694","3773,153807","3876,491084","3898,823143","3923,042324","3900,439331","3982,695887","4118,392428","4205,74082","4352,633088","4435,784453","4495,491615","4494,944842","4757,794988","4702,930972","4604,581271","4812,454214",
Sólo BIRF,IBD,Consumo de energía eléctrica (kWh per cápita),EG.USE.ELEC.KH.PC,,,,,,,,,,,,,,,,,,,,,,,,,,,,,,,"1024,448602","1026,53127","1015,921113","1013,782019","1016,398978","1038,956754","1065,399906","1085,938328","1094,430751","1114,302269","1163,137312","1188,824522","1242,230517","1330,505003","1422,095616","1506,272347","1629,213183","1750,82142","1805,103638","1844,54451","2006,1637","2146,286006","2225,03024","2324,740414","2421,766118","2439,729131","2530,936118","2656,555723","2770,098654","2843,503145","2846,38235","3076,601495","3192,705617","3347,07709",,
BIRF y la AIF,IBT,Consumo de energía eléctrica (kWh per cápita),EG.USE.ELEC.KH.PC,,,,,,,,,,,,,,,,,,,,,,,,,,,,,,,"878,6512024","878,9853955","868,4480319","863,5412872","864,282281","880,0636299","899,7512871","914,3329056","917,9679908","933,609763","970,8030723","989,6824896","1031,356736","1099,985644","1172,554125","1237,84889","1333,879063","1425,949555","1463,044337","1490,93705","1615,506175","1720,805808","1775,26461","1850,686786","1922,87986","1934,061685","2002,502588","2094,584656","2179,245038","2230,256548","2225,703733","2396,953169","2473,750127","2584,930312",,
total de la AIF,IDA,Consumo de energía eléctrica (kWh per cápita),EG.USE.ELEC.KH.PC,,,,,,,,,,,,,,,,,,,,,,,,,,,,,,,"232,0923181","231,5800126","229,8041993","220,1542674","220,157173","222,2808982","222,4779674","221,0381761","213,3151614","220,5372375","226,6593579","228,6184757","235,0973306","239,9122761","252,7164082","260,2306313","271,7125711","273,4536578","265,4367847","268,2826295","281,5682806","285,2361022","285,7291729","294,8870013","301,1030419","305,1900385","319,2644889","325,2186958","342,2003436","349,2944222","349,6981924","374,9974657","369,7066062","374,9251102",,
mezcla de la AIF,IDB,Consumo de energía eléctrica (kWh per cápita),EG.USE.ELEC.KH.PC,,,,,,,,,,,,,,,,,,,,,,,,,,,,,,,"362,9584757","363,9266373","360,7443506","348,5486152","346,4542159","346,8673614","346,1335462","345,4695199","328,715254","331,722383","334,6147351","326,4241843","336,6863405","336,8656187","347,9207272","352,9075912","365,5809839","362,0148941","338,6749776","336,3460555","345,3429549","342,0923912","342,8254919","358,6885237","371,8923211","383,8341239","395,4538058","387,5145329","399,5332384","393,725751","405,1239652","447,4618762","424,2786681","424,6146691",,
Indonesia,IDN,Consumo de energía eléctrica (kWh per cápita),EG.USE.ELEC.KH.PC,,,,,,,,,,,,,,,,,,,,,,,,,,,,,,,"160,6693383","175,8663126","191,9715916","210,1444075","236,774847","259,7203694","292,3018163","325,2845465","324,3341837","348,9735727","382,177178","402,6966904","408,602886","419,8259778","464,7152953","490,7142129","505,8139106","535,3528595","558,9322622","582,7110586","653,9566368","697,5507182","749,7313251","793,5002636","836,1409719","857,6495191","907,7177332","951,0498538","1065,260358","1107,151401","1119,61556","1210,584467","1330,987684","1445,214635",,
Sólo AIF,IDX,Consumo de energía eléctrica (kWh per cápita),EG.USE.ELEC.KH.PC,,,,,,,,,,,,,,,,,,,,,,,,,,,,,,,"152,9555736","151,1825996","150,3372776","142,100534","143,2271128","147,5634674","148,2145038","146,1740883","143,7349479","153,3575331","161,9153451","169,7739317","173,8316175","181,3006635","194,9811618","203,8614468","214,4651919","219,2516271","220,4061197","226,2308958","241,9913843","249,8353665","250,5626355","255,5110927","257,3674472","256,5094901","272,1911989","286,8017076","306,9100687","322,0158291","315,7485451","330,6909498","336,4122979","344,3640898",,
Isla de Man,IMN,Consumo de energía eléctrica (kWh per cápita),EG.USE.ELEC.KH.PC,,,,,,,,,,,,,,,,,,,,,,,,,,,,,,,,,,,,,,,,,,,,,,,,,,,,,,,,,,,,,,,,,,
India,IND,Consumo de energía eléctrica (kWh per cápita),EG.USE.ELEC.KH.PC,,,,,,,,,,,,,,,,,,,,,,,,,,,,,,,"270,9046537","289,2612472","301,7186631","317,5991327","337,3291781","354,3534625","354,445887","369,3969857","379,5997405","383,1295574","384,9893639","384,8182098","401,9987675","419,0551042","441,6282994","458,8783799","500,4770782","533,1248709","555,1045714","588,3243062","629,8959491","678,6037632","709,2923168","743,8015509","808,2934057","841,0853879","879,9456968","918,313687","970,8341762","988,2721695","901,3995792","963,3639137","1085,335209","1181,631268",,
No clasificado,INX,Consumo de energía eléctrica (kWh per cápita),EG.USE.ELEC.KH.PC,,,,,,,,,,,,,,,,,,,,,,,,,,,,,,,,,,,,,,,,,,,,,,,,,,,,,,,,,,,,,,,,,,
Irlanda,IRL,Consumo de energía eléctrica (kWh per cápita),EG.USE.ELEC.KH.PC,,,,,,,,,,,,,,,,,,,,,,,,,,,,,,,"3767,529299","3897,873231","4104,900195","4185,097229","4351,064203","4525,275566","4787,890617","4976,632824","5202,149597","5434,930246","5797,369582","5898,23247","6037,212607","6094,300518","6170,855832","6246,282976","6357,416983","6341,297521","6350,310856","5959,595403","5870,853074","5610,814125","5616,222343","5670,640873","5644,582995","5761,005471","5830,069443","5829,584801","5923,81986","5926,104842","5951,886077","6106,150274","6107,04039","6144,736233","6298,243631",
"Irán, República Islámica del",IRN,Consumo de energía eléctrica (kWh per cápita),EG.USE.ELEC.KH.PC,,,,,,,,,,,,,,,,,,,,,,,,,,,,,,,"908,4261121","956,3082999","1023,30665","1083,015682","1140,057189","1169,557702","1266,656383","1318,455017","1368,493381","1452,783741","1528,20008","1619,833243","1727,139029","1870,935507","1972,192792","2019,742733","2135,306368","2206,275573","2313,710411","2390,062757","2534,265902","2553,263758","2650,226318","2692,368904","2872,455532","2861,302657","3020,012784","3178,834747","3171,009619","3299,83414","3445,737988","3589,048087","3695,725066","3814,545108",,
Iraq,IRQ,Consumo de energía eléctrica (kWh per cápita),EG.USE.ELEC.KH.PC,,,,,,,,,,,,,,,,,,,,,,,,,,,,,,,"1296,839364","1103,715921","1317,753361","1308,876869","1333,081295","1373,628748","1330,476393","1314,899904","1274,230536","1233,683781","1193,904894","1191,967248","1212,655623","995,1624576","1147,151351","792,7850471","941,7638731","768,8187569","753,8218516","831,9525124","1185,104405","1255,541421","1081,300575","1343,036528","1252,091002","987,7388594","1112,436052","1156,813983","1019,455206","1104,84587","1184,449696","1382,152919","1373,116483","1377,377923",,
Islandia,ISL,Consumo de energía eléctrica (kWh per cápita),EG.USE.ELEC.KH.PC,,,,,,,,,,,,,,,,,,,,,,,,,,,,,,,"16148,27372","15931,13962","16099,9322","16737,13148","17066,32183","17396,4736","17358,58037","18957,83541","21321,16024","24522,22755","26201,52558","26950,39443","27896,89868","27666,38689","28215,45225","27988,02968","31325,09497","36846,1257","50063,95433","51259,18763","51439,90869","52373,87701","53202,83366","54799,17471","53835,53359","55085,16845","53842,87456","54301,10658","54646,59036","52576,11014","50719,99083","51135,5095","51258,75975","50951,21907","48997,9457",
Israel,ISR,Consumo de energía eléctrica (kWh per cápita),EG.USE.ELEC.KH.PC,,,,,,,,,,,,,,,,,,,,,,,,,,,,,,,"4176,180258","3981,208325","4568,416943","4618,893746","4934,247083","5127,86294","5340,302178","5488,519534","5819,460727","5974,367347","6323,103832","6400,217425","6502,739726","6597,306307","6525,921574","6572,199535","6711,229567","7003,24508","7133,866025","6607,887143","6953,276667","6929,872003","7184,375198","6709,969601","6600,89828","6748,964809","6890,59209","6844,593897","6812,829288","6986,083499","6819,676401","6809,868323","6842,793618","6772,058077","7186,418988",
Italia,ITA,Consumo de energía eléctrica (kWh per cápita),EG.USE.ELEC.KH.PC,,,,,,,,,,,,,,,,,,,,,,,,,,,,,,,"4144,907442","4224,740106","4310,537968","4303,645312","4439,319253","4597,892598","4658,700157","4791,285246","4955,721944","5079,492406","5299,856479","5406,200795","5536,731029","5644,03494","5673,946607","5711,654655","5807,890536","5772,90105","5720,558082","5326,900875","5443,935611","5455,309567","5339,314535","5152,523445","5041,25391","5141,225814","5124,176284","5248,519672","5271,103013","5260,01731","4969,241414","5290,228549","5215,690121","5047,46897","5136,677022",
Jamaica,JAM,Consumo de energía eléctrica (kWh per cápita),EG.USE.ELEC.KH.PC,,,,,,,,,,,,,,,,,,,,,,,,,,,,,,,"882,3985441","724,7375846","1468,634689","1545,359106","1715,403075","1959,881623","2041,226193","2117,473256","2207,619771","2267,36093","2317,255829","2321,289832","2391,905996","2456,502108","2427,190824","2444,301703","2418,762458","1965,509618","1175,139004","1211,182337","1204,627282","1193,264684","1127,530722","1098,543047","1081,342669","1077,239384","1143,806841","1146,047751","1155,279411","1179,128748","1094,060597","1107,241756","1121,816998","1204,668239",,
Jordania,JOR,Consumo de energía eléctrica (kWh per cápita),EG.USE.ELEC.KH.PC,,,,,,,,,,,,,,,,,,,,,,,,,,,,,,,"919,4049103","865,1011749","961,5540691","986,8859849","1017,230214","1070,685441","1111,853885","1114,483229","1170,733445","1192,280255","1226,66929","1256,252621","1327,085544","1364,896336","1472,273069","1509,224429","1565,025576","1634,192037","1733,080434","1749,150384","1836,497332","1891,87137","2044,911071","1976,398585","1897,12809","1820,166921","1788,461287","1830,035803","1759,554729","1725,467398","1713,999927","1739,506663","1790,647571","1857,907533",,
Japón,JPN,Consumo de energía eléctrica (kWh per cápita),EG.USE.ELEC.KH.PC,,,,,,,,,,,,,,,,,,,,,,,,,,,,,,,"6721,108214","6902,415217","6917,034358","6961,627506","7383,901325","7530,676167","7686,22025","7831,607923","7779,31962","7903,238543","8048,232855","7903,105805","7991,306054","7900,938004","8137,068432","8301,018212","8327,232625","8539,980156","8270,484059","8138,753739","8774,279691","8322,459772","8271,262801","8290,745027","8113,242088","8007,094486","8066,015613","8190,601077","8058,015472","7853,039887","7687,258932","7960,012092","7800,080606","7655,016417","7530,060144",
Kazajstán,KAZ,Consumo de energía eléctrica (kWh per cápita),EG.USE.ELEC.KH.PC,,,,,,,,,,,,,,,,,,,,,,,,,,,,,,,"5627,53271","5371,442131","5078,457533","4293,615203","4099,151532","3820,14061","3450,9568","3033,425083","2840,146385","2741,481976","3043,267308","3350,315077","3377,025661","3568,149114","3655,357653","3805,771213","4050,67998","4273,918028","4474,348653","4306,297423","4583,409803","4746,864556","5026,780721","5186,796322","4886,5406","4794,912058","4797,479797","4955,036559","5152,770649","5034,2655","5306,866805","5321,521102","5271,527885","5145,571316",,
Kenya,KEN,Consumo de energía eléctrica (kWh per cápita),EG.USE.ELEC.KH.PC,,,,,,,,,,,,,,,,,,,,,,,,,,,,,,,"127,988672","129,4482561","129,5603479","132,2998418","129,7901198","132,0965676","134,6537298","132,0201633","132,9615211","122,5893783","109,0628201","118,06129","117,714453","125,8163539","130,9578663","131,0184542","133,3188525","140,6023486","141,3291433","140,8353424","146,3992738","152,9287969","149,9032669","159,4023455","165,7494315","172,1650833","173,2666023","175,5974042","178,1421104","175,8106051","172,6438198","184,4260393","189,3554654","190,082933","195,2937277",
Kirguistán,KGZ,Consumo de energía eléctrica (kWh per cápita),EG.USE.ELEC.KH.PC,,,,,,,,,,,,,,,,,,,,,,,,,,,,,,,"2330,551125","2322,323022","2328,254418","1914,196782","1896,316535","2074,354878","1965,673949","1802,862222","1683,995542","1795,298013","1696,077178","1445,88361","1365,939555","1644,357235","1417,905375","1374,296871","1377,440823","1456,233741","1378,712847","1322,165494","1366,914094","1639,747109","1794,738783","1868,22222","1918,098806","1805,783939","1738,852189","1816,164914","1855,34659","1911,926644","1889,514399","1975,413444","1971,263989","2068,80524",,
Camboya,KHM,Consumo de energía eléctrica (kWh per cápita),EG.USE.ELEC.KH.PC,,,,,,,,,,,,,,,,,,,,,,,,,,,,,,,,,,,,"14,3734135","20,36797525","23,67992622","25,62577266","29,26853687","31,93622769","35,78627583","49,47398497","50,72420682","55,04075545","65,92653344","79,99103748","99,62598714","113,4238718","126,9891523","157,0266206","175,9881282","222,1466121","238,1641702","276,4865259","343,4624458","407,5619939","436,9960454","553,5646454","650,7980194","706,2879055","725,8029121","813,6393771","932,3985243",,
Kiribati,KIR,Consumo de energía eléctrica (kWh per cápita),EG.USE.ELEC.KH.PC,,,,,,,,,,,,,,,,,,,,,,,,,,,,,,,,,,,,,,,,,,,,,,,,,,,,,,,,,,,,,,,,,,
Saint Kitts y Nevis,KNA,Consumo de energía eléctrica (kWh per cápita),EG.USE.ELEC.KH.PC,,,,,,,,,,,,,,,,,,,,,,,,,,,,,,,,,,,,,,,,,,,,,,,,,,,,,,,,,,,,,,,,,,
"Corea, República de",KOR,Consumo de energía eléctrica (kWh per cápita),EG.USE.ELEC.KH.PC,,,,,,,,,,,,,,,,,,,,,,,,,,,,,,,"2462,135884","2707,335582","3016,1405","3219,03377","3651,912546","3956,823356","4344,851972","4693,584265","4457,476513","4957,882348","5885,452406","6290,457428","6574,388407","6994,982286","7438,295818","7712,325116","8075,38796","8023,208948","8299,264568","8509,986293","9223,089297","10183,40482","10320,08998","10314,04754","10272,63686","10429,08072","10609,80691","10811,76672","11161,81744","10943,20386","11104,66367","11726,21993","11705,63051","11426,06991","11350,16255",
Kuwait,KWT,Consumo de energía eléctrica (kWh per cápita),EG.USE.ELEC.KH.PC,,,,,,,,,,,,,,,,,,,,,,,,,,,,,,,"10226,61781","7466,336737","9707,876824","11415,23702","12588,61509","12556,54877","13103,91702","13304,3722","14469,43071","14790,81909","14716,76858","15201,27522","15709,90702","16272,48172","17020,19172","17399,50322","17971,16207","17279,48668","17349,18747","16854,6842","17194,90435","16159,27406","16132,52669","15181,68995","16199,67506","16233,09395","15956,91012","15957,88209","15618,07927","15390,62057","15481,10603","16867,98376","16570,56987","16496,20268",,
América Latina y el Caribe (excluido altos ingresos),LAC,Consumo de energía eléctrica (kWh per cápita),EG.USE.ELEC.KH.PC,,,,,,,,,,,,,,,,,,,,,,,,,,,,,,,"1174,764111","1210,392489","1221,206187","1252,430876","1294,685114","1333,685467","1370,782045","1429,979993","1489,682469","1507,935488","1566,954314","1529,126371","1556,421808","1622,770266","1652,550638","1710,31875","1765,296227","1822,911536","1860,485478","1842,885117","1918,173497","2005,215772","2047,344235","2077,341787","2079,697121","2111,495272","2108,467986","2140,896776","2181,116989","2141,825289","2098,385171","2175,591419","2212,589039","2318,862018","2739,346778",
República Democrática Popular Lao,LAO,Consumo de energía eléctrica (kWh per cápita),EG.USE.ELEC.KH.PC,,,,,,,,,,,,,,,,,,,,,,,,,,,,,,,,,,,,,,,,,"117,6532973","128,7697759","136,6984804","154,9681508","156,1844367","172,0753117","235,7794473","266,8324022","311,7595812","361,7637795","385,5265563","397,5669834","471,6997051","511,5418328","565,8515103","623,3786091","797,2438637","759,7447018","841,4649459","935,6646286","867,8923786","1030,564883","1263,658044","1664,71124",,
Líbano,LBN,Consumo de energía eléctrica (kWh per cápita),EG.USE.ELEC.KH.PC,,,,,,,,,,,,,,,,,,,,,,,,,,,,,,,"389,4108075","763,1690267","899,5639877","1037,520608","1132,706343","1180,841435","1611,487711","1847,432276","2425,57245","2458,829355","2292,49724","2217,669661","2357,564819","2479,942583","2177,29779","2269,057708","2258,828204","2056,927598","2301,154394","2473,014873","2994,076117","2998,222142","2926,232805","3034,420511","2557,275181","2631,916816","2768,91252","3169,414662","3171,561261","3358,302583","2868,617729","1750,050104","680,6523609","975,319447",,
Liberia,LBR,Consumo de energía eléctrica (kWh per cápita),EG.USE.ELEC.KH.PC,,,,,,,,,,,,,,,,,,,,,,,,,,,,,,,,,,,,,,,,,,,,,,,,,,,,,,,,,,,,,,,,,,
Libia,LBY,Consumo de energía eléctrica (kWh per cápita),EG.USE.ELEC.KH.PC,,,,,,,,,,,,,,,,,,,,,,,,,,,,,,,"1573,818641","1657,644574","1756,978781","1817,012093","1832,835376","1785,669523","1805,151509","1821,84752","2119,943105","2200,827207","2243,911947","2272,172512","2783,561863","2948,358525","3091,851002","3392,675426","3733,145871","3712,252514","3066,989767","3027,477718","3206,450637","2796,221404","4499,032905","4879,1142","4766,111551","4651,69044","3840,246702","3991,826402","4050,777808","4088,600932","3521,021308","4001,723854","3979,066434","3796,09834",,
Santa Lucía,LCA,Consumo de energía eléctrica (kWh per cápita),EG.USE.ELEC.KH.PC,,,,,,,,,,,,,,,,,,,,,,,,,,,,,,,,,,,,,,,,,,,,,,,,,,,,,,,,,,,,,,,,,,
América Latina y el Caribe,LCN,Consumo de energía eléctrica (kWh per cápita),EG.USE.ELEC.KH.PC,,,,,,,,,,,,,,,,,,,,,,,,,,,,,,,"1179,435129","1216,636745","1234,224672","1265,873726","1308,400313","1351,629252","1392,853104","1456,050338","1516,258303","1541,875012","1602,329173","1570,16822","1599,0064","1668,966326","1703,089449","1760,774293","1819,051289","1880,101504","1917,046426","1899,028584","1973,393824","2065,410973","2113,539273","2145,31984","2143,900264","2183,534071","2188,371262","2214,891085","2257,615159","2222,836505","2178,218918","2258,103493","2297,731858","2400,091372","2803,574686",
Países menos desarrollados: clasificación de las Naciones Unidas,LDC,Consumo de energía eléctrica (kWh per cápita),EG.USE.ELEC.KH.PC,,,,,,,,,,,,,,,,,,,,,,,,,,,,,,,"64,13390198","63,72163398","65,45789283","66,31146338","67,03079135","69,58780189","70,30581358","70,7589727","70,87897542","75,11146982","80,69014545","88,9040107","92,54935823","99,63248382","111,8730276","117,0778886","126,0896586","131,3586262","132,9160368","140,2279828","153,8105061","161,894065","173,9068275","184,5560088","195,2103122","203,7685621","220,2961925","229,7340514","248,2944648","263,0164378","258,9711858","273,0767848","280,6142863","287,8165662",,
Países de ingreso bajo,LIC,Consumo de energía eléctrica (kWh per cápita),EG.USE.ELEC.KH.PC,,,,,,,,,,,,,,,,,,,,,,,,,,,,,,,"193,9774952","186,0273341","170,4365605","156,6456625","160,1299438","163,9331843","158,7542888","151,2453489","143,8185763","153,6215231","161,2882234","174,9272469","176,3541532","189,3031049","201,0282756","210,7285915","215,2096346","216,3657316","222,2800798","226,0592795","235,4169415","223,7146561","206,6088842","204,2888659","192,524246","180,2984573","188,6718516","190,2709013","203,9247295","202,6213346","197,3534027","194,8089935","193,4975167","190,0882135",,
Liechtenstein,LIE,Consumo de energía eléctrica (kWh per cápita),EG.USE.ELEC.KH.PC,,,,,,,,,,,,,,,,,,,,,,,,,,,,,,,,,,,,,,,,,,,,,,,,,,,,,,,,,,,,,,,,,,
Sri Lanka,LKA,Consumo de energía eléctrica (kWh per cápita),EG.USE.ELEC.KH.PC,,,,,,,,,,,,,,,,,,,,,,,,,,,,,,,"160,4651729","167,8264394","175,9931906","192,1775965","209,1368068","224,0938716","209,7735953","232,6256836","248,7631347","259,1221802","286,9426479","280,6070623","291,7334318","314,3619978","342,001946","386,8122928","390,0766351","406,9772691","413,0517168","412,161337","446,0922601","487,5518396","505,8702967","525,7226136","531,0905766","584,5016691","626,4793248","666,9929614","652,099677","679,2643214","682,6041334","713,6667268","657,4545782","644,4615873",,
Países de ingreso mediano bajo,LMC,Consumo de energía eléctrica (kWh per cápita),EG.USE.ELEC.KH.PC,,,,,,,,,,,,,,,,,,,,,,,,,,,,,,,"320,166111","333,6150689","342,9691114","348,3650477","359,5073256","368,8037878","372,2133689","382,1097999","386,4222855","392,1803065","395,044683","396,8456449","411,5137686","423,1537341","442,5010966","458,4042191","490,5778004","511,3952138","521,9264773","543,5074422","576,7929","602,9108345","624,1757623","645,744587","679,0856421","704,3777585","727,3629231","761,1261898","792,3419714","797,2543458","747,5059248","794,2518295","852,4562141","906,1792322",,
Ingreso mediano y bajo,LMY,Consumo de energía eléctrica (kWh per cápita),EG.USE.ELEC.KH.PC,,,,,,,,,,,,,,,,,,,,,,,,,,,,,,,"619,7740166","633,6310202","644,8311144","656,2289652","679,0696765","699,4522486","723,5476945","744,4502791","753,9272839","769,494249","804,3842189","823,9222663","869,4120334","936,354059","1008,720049","1074,531472","1165,587691","1256,843812","1293,768293","1335,228564","1455,818222","1562,47318","1617,276084","1699,291576","1773,932772","1785,168964","1853,334773","1948,04364","2032,79011","2086,304025","2087,653463","2253,230046","2334,838666","2450,182829",,
Lesotho,LSO,Consumo de energía eléctrica (kWh per cápita),EG.USE.ELEC.KH.PC,,,,,,,,,,,,,,,,,,,,,,,,,,,,,,,,,,,,,,,,,,,,,,,,,,,,,,,,,,,,,,,,,,
avanzada del dividendo demográfico,LTE,Consumo de energía eléctrica (kWh per cápita),EG.USE.ELEC.KH.PC,,,,,,,,,,,,,,,,,,,,,,,,,,,,,,,"1340,001105","1334,967314","1322,663953","1318,522342","1321,815556","1354,476037","1390,479327","1411,030254","1418,343578","1458,655869","1538,794407","1592,261033","1680,162889","1830,030116","1987,208554","2135,643551","2342,792652","2557,918054","2655,390643","2739,749364","3012,325161","3251,091489","3393,472186","3586,983606","3757,868342","3782,297091","3944,352453","4168,475404","4360,685414","4524,631644","4608,537285","5028,128491","5207,470264","5473,62799",,
Lituania,LTU,Consumo de energía eléctrica (kWh per cápita),EG.USE.ELEC.KH.PC,,,,,,,,,,,,,,,,,,,,,,,,,,,,,,,"4023,43207","4022,532662","3166,929451","2494,424475","2498,944532","2538,644546","2735,441037","2727,727637","2825,884653","2702,428156","2516,905098","2695,906268","2848,913483","3087,655148","3196,849344","3187,03108","3353,304327","3564,206785","3733,626495","3622,290317","3470,78503","3529,918778","3606,055122","3659,265513","3814,788852","3898,170766","4043,338865","4203,840164","4330,66118","4421,418176","4438,918875","4698,794323","4416,170282","4202,905364","4387,043075",
Luxemburgo,LUX,Consumo de energía eléctrica (kWh per cápita),EG.USE.ELEC.KH.PC,,,,,,,,,,,,,,,,,,,,,,,,,,,,,,,"13667,67055","14087,8553","12927,90208","12632,24102","13665,07415","14920,77088","14629,73022","15134,10418","15460,32494","14990,41756","15663,53427","15620,85952","15984,75934","16261,09869","16300,11242","15635,54749","16452,37254","16348,15508","15933,69487","14423,95582","16808,26428","15497,34058","14639,90688","14134,27562","13851,7649","14410,01117","14327,83404","13847,89783","13497,82054","12309,65757","11980,92063","12151,90981","11676,56556","11447,56389","11661,53628",
Letonia,LVA,Consumo de energía eléctrica (kWh per cápita),EG.USE.ELEC.KH.PC,,,,,,,,,,,,,,,,,,,,,,,,,,,,,,,"3396,728161","3285,317445","2638,90897","2048,149058","1973,228518","1997,138093","1992,900926","2056,435022","2129,858727","2072,803727","2082,321387","2213,360603","2307,186518","2493,930169","2607,45996","2777,38198","2966,609973","3169,077295","3213,12144","3026,611489","3230,427808","3264,05332","3587,932866","3473,038243","3506,401402","3491,229197","3563,086586","3600,467088","3728,257023","3725,006819","3669,132926","3838,173723","3714,516945","3616,798764","3767,702468",
"Región Administrativa Especial de Macao, China",MAC,Consumo de energía eléctrica (kWh per cápita),EG.USE.ELEC.KH.PC,,,,,,,,,,,,,,,,,,,,,,,,,,,,,,,,,,,,,,,,,,,,,,,,,,,,,,,,,,,,,,,,,,
Isla de San Martín (parte francesa),MAF,Consumo de energía eléctrica (kWh per cápita),EG.USE.ELEC.KH.PC,,,,,,,,,,,,,,,,,,,,,,,,,,,,,,,,,,,,,,,,,,,,,,,,,,,,,,,,,,,,,,,,,,
Marruecos,MAR,Consumo de energía eléctrica (kWh per cápita),EG.USE.ELEC.KH.PC,,,,,,,,,,,,,,,,,,,,,,,,,,,,,,,"365,5301987","378,4424655","410,0748883","410,5863745","430,8325329","440,8428682","443,1122272","460,1420252","488,3488487","460,2675139","496,4213509","530,5982795","540,7193376","585,8022012","559,0087783","589,6934938","641,9318753","663,7494185","695,3257826","709,2553294","732,9900598","783,6515317","835,46091","850,2238885","882,8298267","886,3085171","903,4516496","931,6039838","923,0251542","940,1865704","916,1876622","950,4676055","978,2725867","997,2554197",,
Mónaco,MCO,Consumo de energía eléctrica (kWh per cápita),EG.USE.ELEC.KH.PC,,,,,,,,,,,,,,,,,,,,,,,,,,,,,,,,,,,,,,,,,,,,,,,,,,,,,,,,,,,,,,,,,,
República de Moldova,MDA,Consumo de energía eléctrica (kWh per cápita),EG.USE.ELEC.KH.PC,,,,,,,,,,,,,,,,,,,,,,,,,,,,,,,"4015,565269","4271,580773","3686,390145","3213,410368","2763,634893","2606,325342","2463,277319","2318,474956","2313,960726","2168,48164","2038,521979","2245,612352","2330,162448","2615,736164","2440,243051","2548,299835","2695,622685","2484,431856","2524,022834","2166,33109","1918,351119","2036,914754","2107,10395","1880,010827","1912,300131","1945,008036","1882,50084","2005,670028","2126,549062","2166,4845","2198,373515","2401,178207","2255,35008","2411,522905",,
Madagascar,MDG,Consumo de energía eléctrica (kWh per cápita),EG.USE.ELEC.KH.PC,,,,,,,,,,,,,,,,,,,,,,,,,,,,,,,"39,31770021","37,59636988","38,98172546","39,85650144","39,37166929","40,35221003","38,31652357","40,55817116","42,22252121","43,8736125","45,89395058","47,26136811","42,73525459","47,64314718","50,62717503","49,47883598","48,90803561","49,31446253","50,46874761","48,35877197","51,07436482","57,66289988","71,5611907","75,73843941","78,21728236","79,16874159","66,47521804","81,45324231","82,23335462","82,85035263","70,21590025","80,09138636","81,31480687","80,07454305",,
Maldivas,MDV,Consumo de energía eléctrica (kWh per cápita),EG.USE.ELEC.KH.PC,,,,,,,,,,,,,,,,,,,,,,,,,,,,,,,,,,,,,,,,,,,,,,,,,,,,,,,,,,,,,,,,,,
"Oriente Medio, Norte de África, Afganistán y Pakistán",MEA,Consumo de energía eléctrica (kWh per cápita),EG.USE.ELEC.KH.PC,,,,,,,,,,,,,,,,,,,,,,,,,,,,,,,"889,8392457","882,40358","964,9706285","1011,854221","1044,5721","1069,692084","1106,072489","1136,705575","1192,99007","1233,067173","1266,316405","1315,695071","1368,250674","1431,77597","1470,372929","1528,378641","1607,834529","1648,496435","1673,955237","1715,637962","1859,206893","1861,185718","1955,150824","1993,297914","2085,708746","2114,35072","2132,83737","2203,040983","2210,081252","2230,163","2205,8892","2297,877721","2301,943234","2358,910682",,
México,MEX,Consumo de energía eléctrica (kWh per cápita),EG.USE.ELEC.KH.PC,,,,,,,,,,,,,,,,,,,,,,,,,,,,,,,"1201,108377","1311,989216","1333,409898","1327,118627","1415,215383","1432,417823","1455,208956","1537,770091","1651,316719","1695,606252","1805,475319","1837,79876","1846,435654","2003,010045","1929,303861","2000,519717","2027,203434","2055,567139","2054,862633","2003,558562","2027,161628","2225,288117","2261,959026","2152,841878","2167,59696","2225,42222","2292,03193","2269,107542","2499,620486","2392,190414","2354,268353","2407,876689","2513,810469","2597,399614","2658,049238",
Islas Marshall,MHL,Consumo de energía eléctrica (kWh per cápita),EG.USE.ELEC.KH.PC,,,,,,,,,,,,,,,,,,,,,,,,,,,,,,,,,,,,,,,,,,,,,,,,,,,,,,,,,,,,,,,,,,
 Ingreso mediano,MIC,Consumo de energía eléctrica (kWh per cápita),EG.USE.ELEC.KH.PC,,,,,,,,,,,,,,,,,,,,,,,,,,,,,,,"645,3129115","660,8043307","674,2266819","687,6101799","712,0725103","733,8328995","760,3151099","783,5494767","794,6188152","811,0923821","848,2897937","868,7950076","917,9735983","989,4234192","1066,906278","1137,652842","1236,120556","1335,372119","1375,903466","1421,510642","1552,182607","1669,726172","1734,674992","1825,160772","1908,529109","1923,518556","1998,947964","2104,222222","2198,08406","2259,708864","2264,924125","2449,953568","2543,608002","2675,432187",,
Macedonia del Norte,MKD,Consumo de energía eléctrica (kWh per cápita),EG.USE.ELEC.KH.PC,,,,,,,,,,,,,,,,,,,,,,,,,,,,,,,"2580,33066","2625,494043","2902,79618","2584,144138","2693,878452","2776,034834","2887,377376","2999,19524","3078,420521","2866,431813","2907,691169","2811,956664","2794,832283","3156,138378","3207,045382","3465,265069","3569,195407","3772,189983","3854,94648","3613,980525","3802,603712","4153,508985","3956,325483","3833,639497","3788,674861","3724,580769","3490,507592","3464,554156","3457,820885","3580,523402","3581,118503","3793,449944","3484,172184","3320,356097",,
Malí,MLI,Consumo de energía eléctrica (kWh per cápita),EG.USE.ELEC.KH.PC,,,,,,,,,,,,,,,,,,,,,,,,,,,,,,,,,,,,,,,,,,,,,,,,,,,,,,,,,,,,,,,,,,
Malta,MLT,Consumo de energía eléctrica (kWh per cápita),EG.USE.ELEC.KH.PC,,,,,,,,,,,,,,,,,,,,,,,,,,,,,,,"2823,502838","3597,685828","3726,694558","3716,591078","3735,355406","3921,371208","3790,42129","3827,153721","3921,751837","4197,864688","4311,858637","4292,315051","4500,3523","4872,272205","4797,292583","4912,90976","4897,510042","4873,083467","4836,593963","4434,186633","4692,309919","4785,37865","4923,481292","4858,642687","4874,492769","4905,22714","4767,824336","5071,653971","5044,399394","5036,593691","4713,961474","4940,654251","5168,391661","5013,143445",,
Myanmar,MMR,Consumo de energía eléctrica (kWh per cápita),EG.USE.ELEC.KH.PC,,,,,,,,,,,,,,,,,,,,,,,,,,,,,,,"45,78417531","42,38237048","45,78716339","52,35838124","55,68878936","58,91280571","59,36758919","66,41683443","66,85828188","70,22013443","80,19281426","73,60533458","78,10497053","85,39189587","86,12929184","80,25150108","94,54823137","96,31160226","101,2176015","106,575238","132,566689","160,0977098","169,4910289","195,4134618","226,590958","266,2996944","266,6436434","299,6824083","367,1929389","415,0589678","395,0277991","422,5365145","379,9148189","368,4389556",,
Oriente Medio y Norte de África (excluido altos ingresos),MNA,Consumo de energía eléctrica (kWh per cápita),EG.USE.ELEC.KH.PC,,,,,,,,,,,,,,,,,,,,,,,,,,,,,,,"557,5902595","569,0693175","610,6949667","623,0413369","642,8593083","659,8504856","688,6450699","707,261448","729,0752735","756,06816","780,298363","809,3211728","848,0018519","883,818282","923,2227005","948,1156975","999,3267454","1012,613171","1021,428073","1048,51568","1143,306581","1132,627575","1152,813764","1181,885415","1212,334722","1196,367814","1212,373325","1280,202476","1273,909271","1290,203324","1288,746944","1344,291694","1336,398945","1360,849265",,
Montenegro,MNE,Consumo de energía eléctrica (kWh per cápita),EG.USE.ELEC.KH.PC,,,,,,,,,,,,,,,,,,,,,,,,,,,,,,,,,,,,,,,,,,,,,,"6314,905228","6451,770253","6564,643799","6287,187849","5010,561319","5419,51607","5750,026195","5408,597755","4564,823872","4400,843936","4706,628181","4643,777195","4937,841663","4966,173827","5094,510916","4744,729408","4962,779156","4345,797165","4564,342637",,
Mongolia,MNG,Consumo de energía eléctrica (kWh per cápita),EG.USE.ELEC.KH.PC,,,,,,,,,,,,,,,,,,,,,,,,,,,,,,,"1549,999762","1372,993273","1266,727866","1149,122685","1122,684577","1126,769426","1113,074666","1078,215338","1083,13549","1050,995561","1057,656516","1072,070697","1094,312149","1134,103163","1190,39456","1247,039612","1294,422492","1328,669985","1417,599343","1368,949302","1478,480783","1487,26796","1579,741558","1882,711035","1990,81169","2017,269359","2026,640284","2148,357673","2275,115338","2358,865162","2189,526101","2427,490757","2545,614879","2728,125373",,
Mariana,MNP,Consumo de energía eléctrica (kWh per cápita),EG.USE.ELEC.KH.PC,,,,,,,,,,,,,,,,,,,,,,,,,,,,,,,,,,,,,,,,,,,,,,,,,,,,,,,,,,,,,,,,,,
Mozambique,MOZ,Consumo de energía eléctrica (kWh per cápita),EG.USE.ELEC.KH.PC,,,,,,,,,,,,,,,,,,,,,,,,,,,,,,,"42,38408735","56,02119219","55,09311618","52,09522438","44,30002076","45,17393846","44,74766682","52,97940729","47,98026166","67,89024741","123,1683806","273,3883962","264,7383964","375,3002131","452,4122175","457,4339894","467,4536649","470,0850987","454,9696879","455,7036533","466,1459392","493,2547153","483,8143852","486,0765242","466,5650063","477,2187829","481,9091122","472,8684997","450,3311733","459,1027152","417,4288669","406,1776598","397,688087","390,662628",,
Mauritania,MRT,Consumo de energía eléctrica (kWh per cápita),EG.USE.ELEC.KH.PC,,,,,,,,,,,,,,,,,,,,,,,,,,,,,,,,,,,,,,,,,,,,,,,,,,,,,,,,,,,,,,,,,,
Mauricio,MUS,Consumo de energía eléctrica (kWh per cápita),EG.USE.ELEC.KH.PC,,,,,,,,,,,,,,,,,,,,,,,,,,,,,,,"670,5862908","728,7907866","780,1254287","820,1397154","857,2614719","945,2477912","1021,167623","1108,610762","1205,596934","1226,955237","1363,24611","1453,664547","1473,492493","1561,765991","1614,246648","1683,690833","1743,117482","1816,671103","1881,649775","1907,12257","1995,361484","2032,091881","2075,831965","2147,860837","2184,413673","2232,993026","2271,024184","2317,993623","2330,162448","2412,350857","2164,273065","2211,896703","2334,214901","2465,06819",,
Malawi,MWI,Consumo de energía eléctrica (kWh per cápita),EG.USE.ELEC.KH.PC,,,,,,,,,,,,,,,,,,,,,,,,,,,,,,,,,,,,,,,,,,,,,,,,,,,,,,,,,,,,,,,,,,
Malasia,MYS,Consumo de energía eléctrica (kWh per cápita),EG.USE.ELEC.KH.PC,,,,,,,,,,,,,,,,,,,,,,,,,,,,,,,"1170,122801","1278,508711","1431,835032","1546,577635","1799,253155","2020,058533","2205,458423","2493,588603","2549,309885","2674,775115","2774,14274","2779,754505","2832,945344","2916,943312","2976,54823","2857,555237","3040,513161","3239,193272","3246,275244","3887,461796","4080,747979","4030,719525","4251,583404","4415,285675","4388,50009","4475,455577","4567,39348","4699,08743","4778,802154","4916,270033","4738,244152","4860,540827","5240,968906","5083,712494",,
América del Norte,NAC,Consumo de energía eléctrica (kWh per cápita),EG.USE.ELEC.KH.PC,,,,,,,,,,,,,,,,,,,,,,,,,,,,,,,"12160,41859","12540,60499","12431,01855","12667,60332","12848,10486","13046,45762","13229,70634","13264,21172","13480,17107","13617,85318","13982,31738","13397,98268","13651,67108","13662,84885","13726,44778","14112,66","13965,64607","14038,23984","14029,94387","13250,02005","13674,31574","13569,51264","13260,85354","13327,20312","13314,26697","13129,49766","13102,06602","12893,29616","13309,44409","12936,56186","12637,30465","12808,80978","13170,82435","12757,11567","12975,06823",
Namibia,NAM,Consumo de energía eléctrica (kWh per cápita),EG.USE.ELEC.KH.PC,,,,,,,,,,,,,,,,,,,,,,,,,,,,,,,0,"1087,10701","1043,575612","1109,566732","976,6729379","968,6862193","1045,499583","995,6999024","1085,560772","1148,41069","1038,134393","1070,516217","1104,250332","1146,827268","1428,363993","1500,064579","1590,450869","1597,64193","1636,985017","1587,084588","1594,455617","1619,978335","1662,221015","1679,905243","1627,929809","1601,314072","1614,865122","1639,904693","1658,307231","1556,313653","1411,26269","1238,548497","1218,827669","1232,157592",,
Nueva Caledonia,NCL,Consumo de energía eléctrica (kWh per cápita),EG.USE.ELEC.KH.PC,,,,,,,,,,,,,,,,,,,,,,,,,,,,,,,,,,,,,,,,,,,,,,,,,,,,,,,,,,,,,,,,,,
Níger,NER,Consumo de energía eléctrica (kWh per cápita),EG.USE.ELEC.KH.PC,,,,,,,,,,,,,,,,,,,,,,,,,,,,,,,"36,32607492","34,51543835","32,66182659","31,75548845","30,218366","31,29333393","31,16024009","30,43152382","30,62911742","30,40276194","32,2338772","30,36747921","30,04256813","29,46006653","33,16790589","36,3472682","34,55143858","38,77432599","38,92743841","42,33653784","43,99101206","47,21626908","49,22416162","48,21840811","51,25960994","55,3674922","65,21396635","56,16864702","55,61547515","61,61822264","61,22032601","55,70941967","60,01112596","67,73734744",,
Nigeria,NGA,Consumo de energía eléctrica (kWh per cápita),EG.USE.ELEC.KH.PC,,,,,,,,,,,,,,,,,,,,,,,,,,,,,,,"110,90298","112,9159818","115,2064167","109,5963969","114,0956922","114,4745125","114,2369588","110,4365806","100,8709042","104,6101614","95,55120822","97,43375296","130,9937773","119,662417","139,6030946","132,053253","126,625554","131,2804827","121,805884","111,4659657","140,7560836","142,8641465","149,8632596","159,8955485","187,8675609","200,6850743","219,2447237","138,1940934","139,4709361","138,2147237","145,161469","151,1467895","139,2152152","144,1354025",,
Nicaragua,NIC,Consumo de energía eléctrica (kWh per cápita),EG.USE.ELEC.KH.PC,,,,,,,,,,,,,,,,,,,,,,,,,,,,,,,"307,0226752","299,7908038","302,4999162","292,1145682","279,3826588","291,6261301","311,8410376","351,1746261","343,3903501","331,2462732","348,0246317","347,4962287","357,0936885","373,0596437","399,3998003","419,8719419","432,1946241","441,4940362","454,9372708","463,8828158","468,3265214","489,2550349","524,8007765","538,7840093","555,5104993","570,785816","597,9784574","610,3323327","605,9299259","604,5970661","581,0883244","618,2332765","656,548383","640,5697392",,
Países Bajos,NLD,Consumo de energía eléctrica (kWh per cápita),EG.USE.ELEC.KH.PC,,,,,,,,,,,,,,,,,,,,,,,,,,,,,,,"5183,690477","5291,179085","5403,523644","5462,654659","5616,323854","5718,414237","5905,992197","6066,243238","6257,890883","6349,319584","6507,105925","6599,26537","6641,740762","6695,715124","6882,970221","6912,372085","7025,834479","7157,378577","7173,046299","6856,281897","7006,273821","7060,053768","6872,769989","6827,603575","6709,217096","6711,777852","6731,467194","6727,979016","6790,770272","6757,327842","6643,579967","6708,817933","6352,189952","6206,42579","6386,367066",
Noruega,NOR,Consumo de energía eléctrica (kWh per cápita),EG.USE.ELEC.KH.PC,,,,,,,,,,,,,,,,,,,,,,,,,,,,,,,"23353,91502","23808,62992","23787,32181","23967,11867","24247,26394","24528,44386","23998,84419","24326,03424","25424,10364","25057,1896","24993,7263","25590,68943","24620,33613","23201,39413","24214,10698","25083,21453","24099,93226","24855,00046","24866,13431","23859,70958","24876,19783","23655,142","24048,66881","23821,84662","23121,40079","23596,314","23867,71354","24007,53615","24357,31288","23926,04493","23863,29521","24650,16863","23373,47106","23520,17836","23673,07882",
Nepal,NPL,Consumo de energía eléctrica (kWh per cápita),EG.USE.ELEC.KH.PC,,,,,,,,,,,,,,,,,,,,,,,,,,,,,,,"34,05964371","36,03423752","35,80836933","37,20463099","39,96780658","42,5255712","44,85120875","45,22068404","47,88779156","53,55396239","57,3604988","62,93405457","65,93237999","68,90173515","72,72264352","75,41014338","82,24976638","86,30571665","82,47487767","95,90389885","101,3095188","114,0381469","118,5040884","133,3091893","142,1273277","140,8515043","175,6365178","203,596711","229,9883022","231,1883298","257,2620428","305,7166054","321,3817896","350,9727387",,
Naoero,NRU,Consumo de energía eléctrica (kWh per cápita),EG.USE.ELEC.KH.PC,,,,,,,,,,,,,,,,,,,,,,,,,,,,,,,,,,,,,,,,,,,,,,,,,,,,,,,,,,,,,,,,,,
Nueva Zelandia,NZL,Consumo de energía eléctrica (kWh per cápita),EG.USE.ELEC.KH.PC,,,,,,,,,,,,,,,,,,,,,,,,,,,,,,,"9071,716019","8937,36946","8725,25979","9000,615867","9022,928177","9200,468231","9162,111468","9177,795996","9169,331586","9175,771166","9421,157685","9451,359361","9552,741547","9426,8971","9731,131498","9676,334696","9684,796635","9675,647521","9578,383962","9425,696091","9629,944607","9496,122263","9442,390145","9201,954031","9108,158973","9066,906756","8741,435269","8662,123982","8519,773089","8479,568638","8195,725889","8203,398497","8144,715351","8021,153846","7988,846881",
Miembros OCDE,OED,Consumo de energía eléctrica (kWh per cápita),EG.USE.ELEC.KH.PC,,,,,,,,,,,,,,,,,,,,,,,,,,,,,,,"6492,40597","6651,566332","6638,879742","6705,644789","6847,290001","6988,56122","7133,502544","7219,195864","7328,80348","7447,948103","7676,749098","7582,496878","7697,428559","7758,5315","7860,761706","8024,630747","8037,935066","8104,091894","8082,09981","7727,23907","8037,656099","7983,923674","7908,581789","7894,067224","7807,126804","7794,322383","7827,916293","7807,346489","7928,101695","7744,602512","7555,060465","7754,385457","7768,255366","7572,980725","7670,312668",
Omán,OMN,Consumo de energía eléctrica (kWh per cápita),EG.USE.ELEC.KH.PC,,,,,,,,,,,,,,,,,,,,,,,,,,,,,,,"2246,657226","2203,650823","2297,447475","2506,337567","2578,015346","2683,293972","2717,756659","2859,790389","3104,627289","3085,344326","3182,11356","3413,099289","3518,402834","3583,219533","3894,260737","4006,013492","4323,215212","4535,879672","5017,648768","5626,412889","6089,693144","6185,721812","6091,444688","6095,599978","6485,795286","7071,145154","7056,221343","7234,1052","7407,766671","7688,117439","7657,274289","8282,10853","8092,636589","8203,167627",,
Otros Estados pequeos,OSS,Consumo de energía eléctrica (kWh per cápita),EG.USE.ELEC.KH.PC,,,,,,,,,,,,,,,,,,,,,,,,,,,,,,,,,,,,,,,,,,,,,,,,,,,,,,,,,,,,,,,,,,
Pakistán,PAK,Consumo de energía eléctrica (kWh per cápita),EG.USE.ELEC.KH.PC,,,,,,,,,,,,,,,,,,,,,,,,,,,,,,,"257,1120649","274,2119663","307,4056572","307,817383","316,364103","326,6701145","326,7317417","328,7546967","310,7307393","320,3060422","333,0726419","336,2321532","341,012932","362,2279347","377,736651","406,1994602","425,594697","417,9990755","382,3078581","394,3325793","398,2050767","389,2590515","385,8482656","414,8450739","419,1265393","435,1402079","455,9712715","495,9915457","494,7188479","481,280621","517,7748764","570,2073404","517,0728564","518,2976576",,
Panamá,PAN,Consumo de energía eléctrica (kWh per cápita),EG.USE.ELEC.KH.PC,,,,,,,,,,,,,,,,,,,,,,,,,,,,,,,"838,4974159","883,0805357","915,5378287","964,017041","1017,776056","1068,797606","1090,918116","1180,599254","1188,355977","1227,377532","1274,926761","1297,589832","1332,547652","1367,794352","1432,106436","1462,711129","1485,322771","1579,350049","1634,268855","1646,288654","1745,883669","1842,694135","1964,750472","2027,538024","2073,687194","2218,919782","2235,494601","2265,104581","2271,669394","2384,820648","2170,145258","2419,567336","2546,370831","2714,880979",,
Perú,PER,Consumo de energía eléctrica (kWh per cápita),EG.USE.ELEC.KH.PC,,,,,,,,,,,,,,,,,,,,,,,,,,,,,,,"541,6817645","573,7915452","471,578474","517,2594279","527,6052046","539,4079302","579,9403825","596,0240716","628,7178597","639,4897158","627,4077874","659,3830185","689,1619192","711,372423","735,5615483","806,4785892","854,0665391","955,4620446","1020,542434","1024,991997","1086,123199","1257,572067","1228,208138","1313,60609","1364,730956","1403,492068","1530,915691","1544,311591","1536,480004","1560,372499","1405,237419","1517,347661","1568,314058","1594,682112",,
Filipinas,PHL,Consumo de energía eléctrica (kWh per cápita),EG.USE.ELEC.KH.PC,,,,,,,,,,,,,,,,,,,,,,,,,,,,,,,"355,5344642","349,0558399","330,6579903","330,8276996","372,7218815","394,3370707","423,589105","456,7791039","471,6521576","458,8618069","489,1027419","507,926833","511,5874368","544,4234744","564,0520837","565,2497441","557,4747545","571,0007679","573,2742051","576,2296146","622,2211842","625,9324941","644,4888447","661,5245281","672,7467552","711,5361417","773,0401854","796,4414031","829,1486962","866,9669675","821,1185056","850,2492685","884,8469773","924,6226075",,
Palau,PLW,Consumo de energía eléctrica (kWh per cápita),EG.USE.ELEC.KH.PC,,,,,,,,,,,,,,,,,,,,,,,,,,,,,,,,,,,,,,,,,,,,,,,,,,,,,,,,,,,,,,,,,,
Papua Nueva Guinea,PNG,Consumo de energía eléctrica (kWh per cápita),EG.USE.ELEC.KH.PC,,,,,,,,,,,,,,,,,,,,,,,,,,,,,,,,,,,,,,,,,,,,,,,,,,,,,,,,,,,,,,,,,,
Polonia,POL,Consumo de energía eléctrica (kWh per cápita),EG.USE.ELEC.KH.PC,,,,,,,,,,,,,,,,,,,,,,,,,,,,,,,"3272,302311","3088,228938","2961,395739","2977,7121","2993,177532","3060,888875","3159,041817","3206,237778","3206,591771","3171,757384","3256,180455","3260,033263","3208,392157","3324,471392","3416,118632","3437,323998","3584,962188","3661,646104","3725,748778","3590,832081","3797,092296","3879,542094","3899,176642","3938,255208","3971,799761","4056,081948","4191,167642","4285,891922","4393,419312","4363,438097","4299,900938","4631,200107","4552,82556","4381,864235","4369,593859",
previa al dividendo demográfico,PRE,Consumo de energía eléctrica (kWh per cápita),EG.USE.ELEC.KH.PC,,,,,,,,,,,,,,,,,,,,,,,,,,,,,,,"166,0068441","155,1630419","164,7051587","161,7140248","163,4321616","167,7201259","165,3585417","163,0297306","157,746844","157,9336314","155,5500901","163,3577369","174,111104","165,758084","184,6729484","166,3721082","176,2432257","170,6828517","167,7740397","171,7497987","203,4010443","209,8228463","211,2050169","230,5569609","238,7509715","231,7411734","243,5367789","229,015658","225,3394058","232,5436964","236,9486681","250,356626","247,1779701","248,132998",,
Puerto Rico (US),PRI,Consumo de energía eléctrica (kWh per cápita),EG.USE.ELEC.KH.PC,,,,,,,,,,,,,,,,,,,,,,,,,,,,,,,,,,,,,,,,,,,,,,,,,,,,,,,,,,,,,,,,,,
"Corea, República Popular Democrática de",PRK,Consumo de energía eléctrica (kWh per cápita),EG.USE.ELEC.KH.PC,,,,,,,,,,,,,,,,,,,,,,,,,,,,,,,"1189,410622","1112,62321","986,1655909","869,464683","892,114955","873,692461","797,3970361","712,2634713","616,3464622","670,1961337","690,1910808","714,1190151","695,37332","733,8614003","762,6898979","790,6483706","770,1276115","735,1585829","788,7866471","795,3105538","798,5670136","704,4819812","717,9991788","734,5994195","714,5421708","625,4850862","783,0471137","767,8837809","801,0829602","772,1516304","776,5058819","809,4147519","832,508984","788,5850227",,
Portugal,PRT,Consumo de energía eléctrica (kWh per cápita),EG.USE.ELEC.KH.PC,,,,,,,,,,,,,,,,,,,,,,,,,,,,,,,"2525,338022","2678,651658","2816,881879","2804,406566","2871,63371","3077,54422","3197,255152","3353,158287","3545,600892","3796,79517","3988,960824","4119,670488","4271,168528","4375,732217","4533,539695","4682,895805","4827,467182","4890,465338","4850,837413","4843,849694","4959,094305","4848,184618","4736,351771","4685,150414","4662,6008","4807,070348","4875,62191","5014,125802","5048,609359","5016,982358","4858,949832","4901,643349","5085,232097","5146,351346","5293,846539",
Paraguay,PRY,Consumo de energía eléctrica (kWh per cápita),EG.USE.ELEC.KH.PC,,,,,,,,,,,,,,,,,,,,,,,,,,,,,,,"527,7833323","548,4556858","583,2706413","653,7242109","731,0881539","817,065177","827,9390717","866,216754","873,4649313","893,0400639","922,5880772","910,8101893","926,3820845","883,8930947","876,7347015","919,2200506","984,5330225","1051,914726","1113,550832","1193,390647","1275,537991","1388,223421","1479,903029","1612,718546","1726,577648","1790,358109","1845,858125","1901,03271","2020,573851","2030,52682","2141,362643","2126,513012","2213,013781","2388,610646",,
Ribera Occidental y Gaza,PSE,Consumo de energía eléctrica (kWh per cápita),EG.USE.ELEC.KH.PC,,,,,,,,,,,,,,,,,,,,,,,,,,,,,,,,,,,,,,,,,,,,,,,,,,,,,,,,,,,,,,,,,,
Estados pequeos de las Islas del Pacfico,PSS,Consumo de energía eléctrica (kWh per cápita),EG.USE.ELEC.KH.PC,,,,,,,,,,,,,,,,,,,,,,,,,,,,,,,,,,,,,,,,,,,,,,,,,,,,,,,,,,,,,,,,,,
posterior al dividendo demográfico,PST,Consumo de energía eléctrica (kWh per cápita),EG.USE.ELEC.KH.PC,,,,,,,,,,,,,,,,,,,,,,,,,,,,,,,"7471,13805","7649,141881","7614,084902","7678,289341","7818,105309","7979,648529","8137,479881","8230,282323","8355,342619","8497,735142","8758,977859","8662,258856","8812,164668","8879,279747","9015,202993","9216,856938","9228,373145","9297,814636","9275,729782","8869,204365","9248,198162","9164,114049","9068,633853","9062,655004","8960,542528","8922,46761","8948,605619","8915,780429","9047,120786","8850,436749","8634,117923","8867,588383","8870,909658","8651,834168","9161,155884",
Polinesia Francesa,PYF,Consumo de energía eléctrica (kWh per cápita),EG.USE.ELEC.KH.PC,,,,,,,,,,,,,,,,,,,,,,,,,,,,,,,,,,,,,,,,,,,,,,,,,,,,,,,,,,,,,,,,,,
Qatar,QAT,Consumo de energía eléctrica (kWh per cápita),EG.USE.ELEC.KH.PC,,,,,,,,,,,,,,,,,,,,,,,,,,,,,,,"10377,69069","9631,683203","10375,65713","10729,65359","10921,81741","10720,84771","11687,67095","11729,33697","13084,36972","13041,63265","13180,06974","13654,90283","14308,11088","15006,40542","15927,18263","16206,53059","16309,10199","14954,55467","14076,29484","14072,32133","16314,0017","17734,91609","18937,69181","16963,3474","16893,73044","16644,50896","16056,99861","16835,44005","17485,72305","17849,9896","16636,19823","19448,60294","19381,08622","19963,23839",,
Rumania,ROU,Consumo de energía eléctrica (kWh per cápita),EG.USE.ELEC.KH.PC,,,,,,,,,,,,,,,,,,,,,,,,,,,,,,,"2924,596266","2521,003837","2319,572749","2272,124228","2234,735085","2328,794358","2430,301529","2250,999801","2107,445463","1935,560812","1987,66019","2066,783933","2079,934117","2237,937816","2295,570505","2365,419564","2446,286077","2529,906888","2605,819735","2390,574743","2550,863291","2639,033434","2604,243137","2494,583959","2584,411787","2644,732316","2688,066302","2777,568615","2838,455641","2820,565395","2726,411544","2900,838241","2717,536529","2585,270432",,
Federación de Rusia,RUS,Consumo de energía eléctrica (kWh per cápita),EG.USE.ELEC.KH.PC,,,,,,,,,,,,,,,,,,,,,,,,,,,,,,,"6687,727056","6551,299816","6113,679971","5726,451593","5188,213955","5101,553396","5016,444066","4935,619905","4848,027353","4998,825661","5198,405704","5274,363305","5304,41526","5478,130458","5633,8455","5770,100636","6098,533476","6286,049392","6399,683749","6095,380319","6409,894365","6483,161111","6608,977987","6525,627319","6583,543279","6563,387034","6683,604631","6734,187119","6873,349506","6902,449529","6770,332872","7186,675444","7184,394305","7285,352112",,
Rwanda,RWA,Consumo de energía eléctrica (kWh per cápita),EG.USE.ELEC.KH.PC,,,,,,,,,,,,,,,,,,,,,,,,,,,,,,,"20,06696128","19,92834829","20,82447751","18,79432642","22,9670076","28,55069281","23,55128307","19,8575466","18,31302176","19,39147109","25,32283264","26,18529487","28,45177127","27,71671883","23,59120792","24,51811955","28,17432725","27,644173","29,98693732","29,42219579","28,10743982","31,68228288","35,36505089","33,26320116","35,46050303","41,49476693","48,74495173","48,6803048","57,4952138","56,27694141","56,10050087","61,99804422","69,5185638","76,67793355",,
Asia meridional,SAS,Consumo de energía eléctrica (kWh per cápita),EG.USE.ELEC.KH.PC,,,,,,,,,,,,,,,,,,,,,,,,,,,,,,,"239,7571193","255,7437698","267,5917553","282,1976673","299,8418361","315,4667808","315,8076687","329,1960666","338,7815164","342,9526048","345,8583817","346,9076684","362,7887411","378,6096649","402,3362651","419,1518074","457,3852771","486,9185642","506,235249","537,2238935","576,1239406","621,209238","650,1626805","682,7284101","742,0896642","773,6974284","815,1497101","852,891455","902,1489144","921,8678951","846,910671","907,9942858","1016,237555","1099,924142",,
Arabia Saudita,SAU,Consumo de energía eléctrica (kWh per cápita),EG.USE.ELEC.KH.PC,,,,,,,,,,,,,,,,,,,,,,,,,,,,,,,"6129,583126","6194,658707","6503,132285","6899,963343","6907,115586","6914,538787","6836,160688","6923,227452","7253,897469","7325,843495","7235,876596","7399,510733","7364,673263","7771,321165","7470,86349","7662,73555","7811,867985","7816,637759","8007,94336","8221,97724","9119,883169","9027,028559","10145,646","10244,64086","11159,70022","11233,92503","11051,19894","11201,08544","11788,70338","11876,27685","11360,9979","12074,53143","11840,60133","11910,57781",,
Sudán,SDN,Consumo de energía eléctrica (kWh per cápita),EG.USE.ELEC.KH.PC,,,,,,,,,,,,,,,,,,,,,,,,,,,,,,,"59,80524198","58,16469429","58,31462024","56,08730204","58,14352951","57,35213192","58,49824077","55,31046126","53,44117516","78,5459584","81,03032903","68,76655386","80,29771533","85,12834562","86,10240715","101,4955836","113,5893532","122,7256572","133,6843527","153,2871266","178,3737739","194,1849332","217,9931532","233,6853672","237,3058377","251,2215602","287,2765639","311,5817918","305,1959779","283,0848876","300,9025731","304,5753458","280,6209203","222,6294692",,
Senegal,SEN,Consumo de energía eléctrica (kWh per cápita),EG.USE.ELEC.KH.PC,,,,,,,,,,,,,,,,,,,,,,,,,,,,,,,"101,0294251","100,2129525","106,8753409","102,3071148","107,9535691","107,3676713","108,1943846","115,5814701","120,1731841","116,3306079","100,8200027","122,3937236","144,7514832","125,3593822","138,2143688","158,1597996","157,9117527","182,7474201","160,3458025","211,7141642","223,5779709","224,7876498","238,7589643","238,9348756","255,2271034","264,024711","275,8318672","263,0694329","271,6391054","310,525544","312,1646099","329,6001299","399,5217749","410,1767422",,
Singapur,SGP,Consumo de energía eléctrica (kWh per cápita),EG.USE.ELEC.KH.PC,,,,,,,,,,,,,,,,,,,,,,,,,,,,,,,"4983,046353","5104,809027","5236,639265","5499,972687","5842,562023","6069,219346","6312,685523","6829,225629","6965,754086","7187,671378","7575,435954","7516,1696","7756,318921","8113,587306","8314,325321","8678,168168","8720,022084","8706,579067","8401,255033","8119,379907","8688,069412","8651,755275","8673,796979","8680,606361","8844,687593","8948,68692","9040,028834","9218,044874","9326,125495","9451,801144","9306,506535","10220,46859","10143,47647","9750,495467",,
Islas Salomón,SLB,Consumo de energía eléctrica (kWh per cápita),EG.USE.ELEC.KH.PC,,,,,,,,,,,,,,,,,,,,,,,,,,,,,,,,,,,,,,,,,,,,,,,,,,,,,,,,,,,,,,,,,,
Sierra Leona,SLE,Consumo de energía eléctrica (kWh per cápita),EG.USE.ELEC.KH.PC,,,,,,,,,,,,,,,,,,,,,,,,,,,,,,,,,,,,,,,,,,,,,,,,,,,,,,,,,,,,,,,,,,
El Salvador,SLV,Consumo de energía eléctrica (kWh per cápita),EG.USE.ELEC.KH.PC,,,,,,,,,,,,,,,,,,,,,,,,,,,,,,,"343,906339","360,5045025","373,2806933","424,5615294","460,9626419","493,7409441","505,9182269","546,4894129","562,5103196","581,8495409","609,2507175","624,6585993","666,8191175","693,1618533","692,2943822","761,292252","827,5134994","896,3656839","870,2507108","861,4020616","873,3985702","898,0108297","934,2530841","978,8495838","976,9664065","1019,134896","1007,93446","1016,812818","1017,716466","1057,805146","989,4664885","1070,689484","1109,975465","1136,993266",,
San Marino,SMR,Consumo de energía eléctrica (kWh per cápita),EG.USE.ELEC.KH.PC,,,,,,,,,,,,,,,,,,,,,,,,,,,,,,,,,,,,,,,,,,,,,,,,,,,,,,,,,,,,,,,,,,
República Federal de Somalia,SOM,Consumo de energía eléctrica (kWh per cápita),EG.USE.ELEC.KH.PC,,,,,,,,,,,,,,,,,,,,,,,,,,,,,,,,,,,,,,,,,,,,,,,,,,,,,,,,,,,,,,,,,,
Serbia,SRB,Consumo de energía eléctrica (kWh per cápita),EG.USE.ELEC.KH.PC,,,,,,,,,,,,,,,,,,,,,,,,,,,,,,,"4295,172271","4258,497906","4100,307954","3299,700249","3336,345822","3587,579035","3843,9109","4084,075121","4068,715317","3741,312962","3977,464582","4190,748421","4304,382209","4234,692152","4258,251568","3921,906459","4040,44002","4159,137225","4291,843158","4224,397665","4358,812174","4488,069471","4385,060495","4442,721626","4271,019311","4539,712655","4620,36161","4709,395917","4727,462706","4800,845472","4778,431355","5034,146747","5113,701073","5089,546824",,
África al sur del Sahara (excluido altos ingresos),SSA,Consumo de energía eléctrica (kWh per cápita),EG.USE.ELEC.KH.PC,,,,,,,,,,,,,,,,,,,,,,,,,,,,,,,"455,0612558","447,8908639","433,2192929","429,7096595","432,3907333","440,9089281","482,0131376","487,2963857","461,0858742","452,064343","453,8123408","435,3606013","454,2263436","451,6499042","457,8206425","458,6237118","464,078161","468,4383507","448,6212828","428,5927952","444,8323509","446,7662249","436,9949664","435,2328072","436,6598401","433,3827387","430,2375796","414,8830984","417,0775779","408,4524048","389,5256538","392,3289413","385,1615674","376,7872122",,
Sudán del Sur,SSD,Consumo de energía eléctrica (kWh per cápita),EG.USE.ELEC.KH.PC,,,,,,,,,,,,,,,,,,,,,,,,,,,,,,,,,,,,,,,,,,,,,,,,,,,,,"38,95413267","39,85214407","40,32016525","49,60584956","44,22857698","50,58896669","51,3682882","50,6553342","49,63327924","50,52559503","48,90584735","47,89533111",,
África al sur del Sahara,SSF,Consumo de energía eléctrica (kWh per cápita),EG.USE.ELEC.KH.PC,,,,,,,,,,,,,,,,,,,,,,,,,,,,,,,"455,0612558","447,8908639","433,2192929","429,7096595","432,3907333","440,9089281","482,0131376","487,2963857","461,0858742","452,064343","453,8123408","435,3606013","454,2263436","451,6499042","457,8206425","458,6237118","464,078161","468,4383507","448,6212828","428,5927952","444,8323509","446,7662249","436,9949664","435,2328072","436,6598401","433,3827387","430,2375796","414,8830984","417,0775779","408,4524048","389,5256538","392,3289413","385,1615674","376,7872122",,
Pequeños Estados,SST,Consumo de energía eléctrica (kWh per cápita),EG.USE.ELEC.KH.PC,,,,,,,,,,,,,,,,,,,,,,,,,,,,,,,,,,,,,,,,,,,,,,,,,,,,,,,,,,,,,,,,,,
Santo Tomé y Príncipe,STP,Consumo de energía eléctrica (kWh per cápita),EG.USE.ELEC.KH.PC,,,,,,,,,,,,,,,,,,,,,,,,,,,,,,,,,,,,,,,,,,,,,,,,,,,,,,,,,,,,,,,,,,
Suriname,SUR,Consumo de energía eléctrica (kWh per cápita),EG.USE.ELEC.KH.PC,,,,,,,,,,,,,,,,,,,,,,,,,,,,,,,,,,,,,,,,,"2238,572684","2310,095363","2471,04527","2387,374757","2490,645486","2659,282552","2659,062814","2664,703135","2918,593938","2912,239131","2867,674202","3190,902243","3188,579411","3108,853819","3184,021496","3091,328291","2979,122324","2802,700968","2778,922225","2936,767872","2931,488102","2955,18987","2955,883202","2897,186454",,
República Eslovaca,SVK,Consumo de energía eléctrica (kWh per cápita),EG.USE.ELEC.KH.PC,,,,,,,,,,,,,,,,,,,,,,,,,,,,,,,"5542,170903","5115,12279","4699,137571","4570,442444","4582,581961","4925,961381","5150,407724","5068,08939","4682,297576","5028,706343","4955,907896","5027,452807","5051,59839","5021,798222","5097,835556","4932,803281","5153,121484","5272,370783","5294,435099","4954,138251","5201,404897","5347,526223","5137,789018","5202,467288","5137,073835","5149,156468","5226,303759","5424,111345","5400,998133","5213,464177","5050,169203","5404,564911","4957,700572","4673,892613","4674,599309",
Eslovenia,SVN,Consumo de energía eléctrica (kWh per cápita),EG.USE.ELEC.KH.PC,,,,,,,,,,,,,,,,,,,,,,,,,,,,,,,"5334,905446","5087,452468","4943,155465","4950,932498","5240,160186","5312,904549","5365,50828","5434,662198","5574,706466","5675,615026","5777,995651","6006,34519","6380,951903","6578,034236","6830,705073","6917,860467","7123,537771","7137,824175","6920,244039","6104,421845","6510,841884","6753,073664","6719,46116","6779,280887","6727,999302","6875,59334","6996,467868","7218,87661","7206,250657","7145,713075","6820,238972","7006,378793","6731,291866","6418,415618","6449,656858",
Suecia,SWE,Consumo de energía eléctrica (kWh per cápita),EG.USE.ELEC.KH.PC,,,,,,,,,,,,,,,,,,,,,,,,,,,,,,,"15836,03376","15932,92621","15544,41146","15506,8021","15290,616","15475,01348","15434,23039","15410,69913","15522,1335","15470,86807","15681,61527","16020,98031","15709,42967","15360,17889","15420,97314","15430,96395","15262,58727","15257,93575","14869,34898","14143,01101","14935,28664","14030,26898","14289,59509","13870,38991","13480,14822","13523,98046","13675,78732","13498,41683","13330,43217","12811,50381","12607,49807","13017,99735","12418,39732","12149,51799","12226,25902",
Eswatini,SWZ,Consumo de energía eléctrica (kWh per cápita),EG.USE.ELEC.KH.PC,,,,,,,,,,,,,,,,,,,,,,,,,,,,,,,"461,9292366","409,6063705","341,3128461","273,8547005","364,4930252","424,5527512","536,4497935","633,7947717","725,737089","728,5730639","657,7595462","669,7974624","800,4221094","808,0997469","719,3715004","868,378958","952,568893","981,9337034","991,7210869","1393,472216","1338,550803","1081,556905","1025,03597","1113,284188","1128,224173","1124,418431","1059,584674","1145,748341","1065,933004","1133,171847","1092,452686","1082,386521","1155,12377","1199,506544",,
Sint Maarten (Dutch part),SXM,Consumo de energía eléctrica (kWh per cápita),EG.USE.ELEC.KH.PC,,,,,,,,,,,,,,,,,,,,,,,,,,,,,,,,,,,,,,,,,,,,,,,,,,,,,,,,,,,,,,,,,,
Seychelles,SYC,Consumo de energía eléctrica (kWh per cápita),EG.USE.ELEC.KH.PC,,,,,,,,,,,,,,,,,,,,,,,,,,,,,,,,,,,,,,,,,,,,,,,,,,,,,,,,,,,,,,,,,,
República Árabe Siria,SYR,Consumo de energía eléctrica (kWh per cápita),EG.USE.ELEC.KH.PC,,,,,,,,,,,,,,,,,,,,,,,,,,,,,,,"681,521444","691,6357602","691,9391037","675,7909683","737,7934872","816,9366197","877,4742804","899,81918","944,9184418","999,6881328","1050,373701","1125,073","1206,46894","1259,915427","1358,737517","1461,829859","1492,63977","1466,137557","1488,914783","1546,528095","1610,502712","1501,436002","1200,847302","1060,649284","933,8718778","793,6835618","777,4892708","861,6013551","1042,862481","1033,383195","967,6747051","918,1260261","850,3184443","853,9657531",,
Islas Turcas y Caicos,TCA,Consumo de energía eléctrica (kWh per cápita),EG.USE.ELEC.KH.PC,,,,,,,,,,,,,,,,,,,,,,,,,,,,,,,,,,,,,,,,,,,,,,,,,,,,,,,,,,,,,,,,,,
Chad,TCD,Consumo de energía eléctrica (kWh per cápita),EG.USE.ELEC.KH.PC,,,,,,,,,,,,,,,,,,,,,,,,,,,,,,,"12,36872231","11,44113873","10,50248847","10,25773154","10,02439761","10,01542658","9,581506774","9,256403149","8,94337208","8,634628142","7,048795167","6,587821798","6,362305664","6,218490566","6,149171233","6,487161423","6,538130752","5,955786407","5,663848336","5,465053338","5,441591219","10,66248781","11,88403783","13,1472472","13,53191608","13,24447158","13,03370801","13,31390953","14,23572919","14,68365152","14,28183364","16,99547679","15,55107482","13,71702066",,
Asia oriental y el Pacífico (BIRF y la AIF),TEA,Consumo de energía eléctrica (kWh per cápita),EG.USE.ELEC.KH.PC,,,,,,,,,,,,,,,,,,,,,,,,,,,,,,,"450,8570107","484,0341362","530,6945875","580,2159602","638,537608","677,7447534","726,6963621","759,8377564","772,8599427","808,1969602","873,0782847","938,6975919","1029,500111","1168,565921","1325,819484","1470,594486","1659,221011","1870,208748","1958,413573","2087,722843","2340,909022","2588,712336","2724,002642","2933,732651","3115,109517","3140,06635","3315,61642","3555,393267","3766,939942","3948,697908","4058,211494","4472,809418","4683,359902","4972,050982",,
Europa y Asia central (BIRF y la AIF),TEC,Consumo de energía eléctrica (kWh per cápita),EG.USE.ELEC.KH.PC,,,,,,,,,,,,,,,,,,,,,,,,,,,,,,,"4367,100028","4220,058738","3925,154735","3661,841357","3387,523192","3342,855755","3288,161885","3234,293149","3187,91508","3212,979372","3308,792796","3341,335907","3358,016151","3478,39935","3580,022387","3666,067308","3851,857066","3974,379674","4044,806797","3834,46846","4040,327677","4143,599096","4206,782495","4177,102022","4183,669322","4188,691631","4263,047662","4321,02275","4424,362978","4411,687668","4354,546566","4637,966787","4544,748208","4570,66056",,
Togo,TGO,Consumo de energía eléctrica (kWh per cápita),EG.USE.ELEC.KH.PC,,,,,,,,,,,,,,,,,,,,,,,,,,,,,,,"92,35273575","85,80466463","94,59436436","72,53134923","82,47564215","103,6382878","105,5664514","106,7857621","108,3127272","115,9512482","98,04081424","101,9545919","99,65924892","106,5168937","111,1464558","113,427403","112,3945717","105,4198502","107,4772857","126,5710055","125,9922084","136,9108181","157,2053399","93,10400821","186,2303687","98,98887111","137,8997356","187,1829256","139,0414799","185,8286007","180,7897069","181,5735941","217,2615477","245,7486457",,
Tailandia,THA,Consumo de energía eléctrica (kWh per cápita),EG.USE.ELEC.KH.PC,,,,,,,,,,,,,,,,,,,,,,,,,,,,,,,"733,1425846","814,7931481","913,6399311","1024,853628","1118,006269","1255,502872","1384,89505","1412,953278","1360,458745","1358,335472","1446,804654","1502,109758","1612,599124","1705,212384","1814,488705","1897,362848","1982,50842","2055,604752","2070,324637","2061,667255","2260,341936","2229,969947","2366,794862","2420,570178","2418,624136","2487,567655","2713,878514","2690,33863","2700,176343","2774,017061","2673,060206","2722,00282","2828,55049","2965,213106",,
Tayikistán,TJK,Consumo de energía eléctrica (kWh per cápita),EG.USE.ELEC.KH.PC,,,,,,,,,,,,,,,,,,,,,,,,,,,,,,,"3287,04623","3118,99668","2912,521684","2510,570755","2459,243777","2330,806794","2244,613595","1979,208216","2035,814731","2156,44364","2138,037642","2113,501359","2106,199809","2101,05015","2119,416889","2107,522037","2096,898562","2035,172258","1912,95027","1879,114527","1862,354601","1781,774196","1730,453537","1660,394094","1431,716284","1521,893048","1484,496704","1531,92634","1555,547653","1640,509525","1647,193494","1427,122634","1475,611119","1497,430316",,
Turkmenistán,TKM,Consumo de energía eléctrica (kWh per cápita),EG.USE.ELEC.KH.PC,,,,,,,,,,,,,,,,,,,,,,,,,,,,,,,"2051,023225","1979,566866","1975,31415","2051,38023","1668,099057","1568,28481","1446,355955","1176,001273","1554,469815","1402,885465","1668,020679","1740,810269","1717,383396","1671,921404","1815,819106","1931,41402","1977,616544","2094,184529","2139,745173","2162,487582","2178,329352","2196,389953","2203,305268","2296,214344","2410,751894","2645,04639","2717,435312","2679,550722","2780,547407","2577,181705","2618,738194","2659,177334","2829,246743","2777,67292",,
América Latina y el Caribe (BIRF y la AIF),TLA,Consumo de energía eléctrica (kWh per cápita),EG.USE.ELEC.KH.PC,,,,,,,,,,,,,,,,,,,,,,,,,,,,,,,"1177,515175","1219,718107","1241,124008","1274,896782","1316,831573","1360,404021","1401,102968","1464,129693","1525,358546","1550,634512","1611,037672","1577,701688","1606,482585","1677,622687","1712,756663","1771,973313","1829,954277","1890,612276","1927,843507","1909,070444","1985,409757","2078,544547","2127,048653","2158,221764","2156,248729","2195,228485","2199,696936","2226,465905","2269,566007","2233,613187","2189,176857","2272,211006","2313,617279","2415,833419","2803,574686",
Timor-Leste,TLS,Consumo de energía eléctrica (kWh per cápita),EG.USE.ELEC.KH.PC,,,,,,,,,,,,,,,,,,,,,,,,,,,,,,,,,,,,,,,,,,,,,,,,,,,,,,,,,,,,,,,,,,
Oriente Medio y Norte de África (BIRF y la AIF),TMN,Consumo de energía eléctrica (kWh per cápita),EG.USE.ELEC.KH.PC,,,,,,,,,,,,,,,,,,,,,,,,,,,,,,,"557,5902595","569,0693175","610,6949667","623,0413369","642,8593083","659,8504856","688,6450699","707,261448","729,0752735","756,06816","780,298363","809,3211728","848,0018519","883,818282","923,2227005","948,1156975","999,3267454","1012,613171","1021,428073","1048,51568","1143,306581","1132,627575","1152,813764","1181,885415","1212,334722","1196,367814","1212,373325","1280,202476","1273,909271","1290,203324","1288,746944","1344,291694","1336,398945","1360,849265",,
Tonga,TON,Consumo de energía eléctrica (kWh per cápita),EG.USE.ELEC.KH.PC,,,,,,,,,,,,,,,,,,,,,,,,,,,,,,,,,,,,,,,,,,,,,,,,,,,,,,,,,,,,,,,,,,
Asia meridional (BIRF y la AIF),TSA,Consumo de energía eléctrica (kWh per cápita),EG.USE.ELEC.KH.PC,,,,,,,,,,,,,,,,,,,,,,,,,,,,,,,"239,7571193","255,7437698","267,5917553","282,1976673","299,8418361","315,4667808","315,8076687","329,1960666","338,7815164","342,9526048","345,8583817","346,9076684","362,7887411","378,6096649","402,3362651","419,1518074","457,3852771","486,9185642","506,235249","537,2238935","576,1239406","621,209238","650,1626805","682,7284101","742,0896642","773,6974284","815,1497101","852,891455","902,1489144","921,8678951","846,910671","907,9942858","1016,237555","1099,924142",,
África al sur del Sahara (BIRF y la AIF),TSS,Consumo de energía eléctrica (kWh per cápita),EG.USE.ELEC.KH.PC,,,,,,,,,,,,,,,,,,,,,,,,,,,,,,,"455,0612558","447,8908639","433,2192929","429,7096595","432,3907333","440,9089281","482,0131376","487,2963857","461,0858742","452,064343","453,8123408","435,3606013","454,2263436","451,6499042","457,8206425","458,6237118","464,078161","468,4383507","448,6212828","428,5927952","444,8323509","446,7662249","436,9949664","435,2328072","436,6598401","433,3827387","430,2375796","414,8830984","417,0775779","408,4524048","389,5256538","392,3289413","385,1615674","376,7872122",,
Trinidad y Tobago,TTO,Consumo de energía eléctrica (kWh per cápita),EG.USE.ELEC.KH.PC,,,,,,,,,,,,,,,,,,,,,,,,,,,,,,,"2617,775961","2580,474437","2769,577738","2734,94181","2802,829375","3005,013245","3144,67826","3512,692252","3626,094755","3665,452709","3833,989759","3934,919925","3915,883578","4575,30352","4505,790186","5151,819939","5313,788576","5695,264229","5736,722129","5764,419062","6238,075941","6422,347873","6660,455335","6915,782022","6821,308767","6906,888884","6770,096647","6670,190096","6474,430048","6425,290601","6438,749566","6459,689461","6590,984804","6663,936644",,
Túnez,TUN,Consumo de energía eléctrica (kWh per cápita),EG.USE.ELEC.KH.PC,,,,,,,,,,,,,,,,,,,,,,,,,,,,,,,"625,3822298","637,6276534","672,1557079","694,1818104","747,0243217","757,6470393","768,6322306","808,0651547","849,2226778","927,8204566","970,8205943","1027,389245","1055,406325","981,0723823","1019,952169","1067,820184","1092,069616","1135,925925","1174,469191","1259,16831","1348,414171","1305,43398","1387,964573","1401,624092","1442,840559","1438,924761","1442,056563","1457,534262","1464,789384","1533,800064","1423,243601","1519,592863","1595,46721","1628,630989",,
Turquía,TUR,Consumo de energía eléctrica (kWh per cápita),EG.USE.ELEC.KH.PC,,,,,,,,,,,,,,,,,,,,,,,,,,,,,,,"894,9466745","928,5757749","1003,998647","1070,862577","1098,380587","1176,2816","1274,149397","1383,148728","1462,742646","1500,806842","1597,530986","1563,013057","1620,029115","1726,315988","1848,216405","1972,463202","2138,985702","2328,35513","2401,125558","2291,627145","2463,859758","2666,738378","2749,713681","2747,584087","2848,971658","2930,202721","3073,678912","3262,784174","3347,762687","3294,221903","3318,847059","3587,458367","3554,228162","3581,254545","3730,823147",
Tuvalu,TUV,Consumo de energía eléctrica (kWh per cápita),EG.USE.ELEC.KH.PC,,,,,,,,,,,,,,,,,,,,,,,,,,,,,,,,,,,,,,,,,,,,,,,,,,,,,,,,,,,,,,,,,,
Tanzanía,TZA,Consumo de energía eléctrica (kWh per cápita),EG.USE.ELEC.KH.PC,,,,,,,,,,,,,,,,,,,,,,,,,,,,,,,"49,90385561","53,32250752","52,48093897","47,9657916","48,56948269","56,28055256","60,29904838","55,13316528","59,90044928","55,37482662","58,69795216","62,44619946","67,91006216","67,99758045","79,5073838","79,4751151","65,54178988","81,59667485","86,16249175","72,81022392","96,71908488","88,11765758","98,68228021","100,380697","103,0157744","105,5151575","105,6963181","107,9728294","110,9560721","121,7408242","119,3319027","129,0457876","131,6451905","134,9643216",,
Uganda,UGA,Consumo de energía eléctrica (kWh per cápita),EG.USE.ELEC.KH.PC,,,,,,,,,,,,,,,,,,,,,,,,,,,,,,,"17,75764536","20,21381368","14,16021011","19,0792969","19,99124662","23,51726659","27,22363652","28,18442091","28,20241034","29,41014472","29,74981406","33,05628022","30,50969202","33,46978786","36,56850435","40,41012486","32,78460449","40,02909613","52,48930788","49,3145704","59,33783301","55,73453667","58,94440931","61,23885525","64,29359378","74,17779747","75,64598319","69,06870103","75,18194452","80,81463571","78,92993235","84,27187164","89,84898966","95,27998061",,
Ucrania,UKR,Consumo de energía eléctrica (kWh per cápita),EG.USE.ELEC.KH.PC,,,,,,,,,,,,,,,,,,,,,,,,,,,,,,,"4772,573883","4628,091861","4299,239631","3940,37256","3464,82078","3338,995457","3050,280473","2947,355405","2826,196114","2775,207345","2757,086535","2766,497671","2817,063673","2966,813547","3116,476374","3213,264966","3364,221524","3487,425461","3492,009417","3188,462116","3510,375182","3614,872838","3591,967082","3550,4979","3366,564881","3164,580739","3160,982332","2950,785259","3025,310919","2973,077348","2921,709022","3165,176177","2419,585524","2516,322918",,
Ingreso mediano alto,UMC,Consumo de energía eléctrica (kWh per cápita),EG.USE.ELEC.KH.PC,,,,,,,,,,,,,,,,,,,,,,,,,,,,,,,"871,5995182","890,3015169","908,4597513","929,5500056","965,7371642","1000,352839","1046,290972","1082,07251","1100,970182","1128,439951","1195,683366","1234,227829","1314,122736","1436,753936","1564,995241","1684,440976","1841,754326","2011,079643","2082,305075","2154,012626","2373,043434","2574,917614","2683,582903","2839,828581","2973,01363","2986,238764","3114,3791","3289,473741","3446,032999","3566,364015","3630,991237","3952,765897","4093,25199","4306,867838",,
Uruguay,URY,Consumo de energía eléctrica (kWh per cápita),EG.USE.ELEC.KH.PC,,,,,,,,,,,,,,,,,,,,,,,,,,,,,,,"1246,294376","1348,661939","1372,104741","1464,351964","1499,29054","1594,950838","1656,725895","1756,560343","1835,593095","1957,274321","2010,895822","1990,684282","1911,940923","1853,598059","1956,049499","2019,312971","2241,673978","2430,84312","2612,518953","2645,546603","2773,174068","2860,084315","2954,367406","3040,351391","3120,070887","3242,26392","3408,711256","3308,013899","3500,627774","3464,317442","3479,585568","3524,602592","3589,888623","3789,755912",,
Estados Unidos,USA,Consumo de energía eléctrica (kWh per cápita),EG.USE.ELEC.KH.PC,,,,,,,,,,,,,,,,,,,,,,,,,,,,,,,"11713,3317","12134,17213","12014,95825","12261,52378","12455,16217","12659,60763","12854,29891","12889,83228","13154,76303","13281,86998","13671,05202","13046,61415","13296,1823","13307,49201","13388,58971","13704,57705","13583,26696","13657,45283","13663,42797","12913,71469","13392,69101","13235,00877","12945,15704","12972,21997","12962,14254","12828,81608","12806,19771","12604,16256","13054,40454","12678,25405","12393,4239","12556,07623","12968,97884","12553,13313","12839,34191",
Uzbekistán,UZB,Consumo de energía eléctrica (kWh per cápita),EG.USE.ELEC.KH.PC,,,,,,,,,,,,,,,,,,,,,,,,,,,,,,,"2388,473252","2323,770889","2124,775833","2014,011762","1917,083298","1833,526206","1817,832928","1808,791294","1738,517648","1731,042088","1767,374211","1637,805361","1622,245372","1561,378227","1549,981079","1492,318447","1585,300267","1604,409335","1560,987553","1517,18037","1473,392794","1500,770421","1493,990326","1501,342431","1515,005429","1531,869979","1538,106583","1582,379029","1781,581164","1824,406052","1758,034479","2118,90095","2094,052326","2059,24963",,
San Vicente y las Granadinas,VCT,Consumo de energía eléctrica (kWh per cápita),EG.USE.ELEC.KH.PC,,,,,,,,,,,,,,,,,,,,,,,,,,,,,,,,,,,,,,,,,,,,,,,,,,,,,,,,,,,,,,,,,,
Venezuela,VEN,Consumo de energía eléctrica (kWh per cápita),EG.USE.ELEC.KH.PC,,,,,,,,,,,,,,,,,,,,,,,,,,,,,,,"2453,370428","2523,332304","2660,417609","2667,526719","2635,005966","2620,188745","2640,353969","2665,953648","2634,765988","2566,919215","2631,25406","2695,925151","2722,200645","2629,621172","2768,780553","2848,411793","2958,050646","2975,294585","3078,70307","3057,039489","2820,453099","2798,437784","2783,463637","2715,046216","1989,285478","2280,403737","2127,757777","2760,219481","2539,353061","2009,116149","2014,654931","2128,421643","2138,232859","1952,803262",,
Islas Vírgenes Británicas,VGB,Consumo de energía eléctrica (kWh per cápita),EG.USE.ELEC.KH.PC,,,,,,,,,,,,,,,,,,,,,,,,,,,,,,,,,,,,,,,,,,,,,,,,,,,,,,,,,,,,,,,,,,
Islas Vírgenes (EE.UU.),VIR,Consumo de energía eléctrica (kWh per cápita),EG.USE.ELEC.KH.PC,,,,,,,,,,,,,,,,,,,,,,,,,,,,,,,,,,,,,,,,,,,,,,,,,,,,,,,,,,,,,,,,,,
Viet Nam,VNM,Consumo de energía eléctrica (kWh per cápita),EG.USE.ELEC.KH.PC,,,,,,,,,,,,,,,,,,,,,,,,,,,,,,,"98,86335838","102,538765","105,7568761","116,4308236","134,4165106","159,1812568","186,9965063","210,8400367","241,674398","262,4284791","296,8607815","338,1456467","390,7976497","448,1059264","500,3673746","589,2464429","664,4444119","743,6385295","812,6135563","912,7802865","1028,42426","1107,83167","1210,239852","1229,967784","1384,506809","1615,489584","1788,721178","1918,194985","2115,354024","2290,268107","2303,709866","2403,545403","2624,400893","2585,494097",,
Vanuatu,VUT,Consumo de energía eléctrica (kWh per cápita),EG.USE.ELEC.KH.PC,,,,,,,,,,,,,,,,,,,,,,,,,,,,,,,,,,,,,,,,,,,,,,,,,,,,,,,,,,,,,,,,,,
Mundo,WLD,Consumo de energía eléctrica (kWh per cápita),EG.USE.ELEC.KH.PC,,,,,,,,,,,,,,,,,,,,,,,,,,,,,,,"2092,874845","2117,518022","2100,557064","2105,34538","2128,111593","2159,882506","2197,30475","2217,544209","2235,932017","2265,759105","2332,388274","2323,67007","2376,249926","2438,027504","2512,234409","2593,506684","2669,738634","2752,923844","2774,021488","2727,104505","2887,815347","2952,961808","2979,953844","3035,855191","3080,669642","3081,935776","3138,374426","3206,501872","3292,34939","3300,658102","3257,548486","3432,863816","3496,954326","3558,497805",,
Samoa,WSM,Consumo de energía eléctrica (kWh per cápita),EG.USE.ELEC.KH.PC,,,,,,,,,,,,,,,,,,,,,,,,,,,,,,,,,,,,,,,,,,,,,,,,,,,,,,,,,,,,,,,,,,
Kosovo,XKX,Consumo de energía eléctrica (kWh per cápita),EG.USE.ELEC.KH.PC,,,,,,,,,,,,,,,,,,,,,,,,,,,,,,,,,,,,,,,,,"1468,521653","1839,551343","1818,020817","1779,971245","1974,464182","2034,807304","2110,222445","2298,164899","2565,999096","2510,752607","2630,338735","2945,396325","2859,789522","2917,300793","2818,310801",,,,,,,,,,,
"Yemen, Rep. del",YEM,Consumo de energía eléctrica (kWh per cápita),EG.USE.ELEC.KH.PC,,,,,,,,,,,,,,,,,,,,,,,,,,,,,,,"105,9198313","113,6505306","116,01459","119,6357163","108,4267794","114,0378367","110,2628362","122,4688284","119,3753902","117,6599182","126,6297465","130,5735591","137,4604357","146,5764564","153,3367003","162,0441521","170,3685112","184,8418802","200,7013317","197,2020375","220,6367128","167,3500793","166,914923","215,4678928","189,6361213","139,2518124","113,1769556","82,10711331","117,5290776","124,1192037","93,87056483","88,17931391","93,58270163","89,74176939",,
Sudáfrica,ZAF,Consumo de energía eléctrica (kWh per cápita),EG.USE.ELEC.KH.PC,,,,,,,,,,,,,,,,,,,,,,,,,,,,,,,"3828,276985","3735,232705","3641,923197","3682,87469","3750,419932","3867,669278","4405,379091","4535,785902","4353,593857","4242,126661","4367,074367","4121,635258","4352,593633","4392,318999","4430,653277","4486,135622","4579,437807","4716,419522","4543,320393","4321,020924","4444,783993","4480,89596","4288,917634","4207,920398","4118,709726","4023,197637","3935,657826","3939,817155","3906,317644","3768,651967","3477,819011","3518,452707","3404,623491","3247,148533",,
Zambia,ZMB,Consumo de energía eléctrica (kWh per cápita),EG.USE.ELEC.KH.PC,,,,,,,,,,,,,,,,,,,,,,,,,,,,,,,"786,3944387","761,2461083","760,2107457","764,994081","755,5733152","734,3699119","709,5693462","661,3574033","604,0659714","607,3918853","623,2012339","642,8940498","666,5133351","683,109674","703,4627548","706,3851741","712,7220599","660,9585212","581,8148754","556,9891276","575,4857258","613,4592842","711,3627408","724,33289","695,1733891","718,1496484","661,3290917","719,3836246","748,8217838","714,5465616","618,6450304","675,0798463","704,8103855","726,7431691",,
Zimbabwe,ZWE,Consumo de energía eléctrica (kWh per cápita),EG.USE.ELEC.KH.PC,,,,,,,,,,,,,,,,,,,,,,,,,,,,,,,"890,5741096","878,8238062","801,7603035","753,0187045","805,3785343","855,7032471","897,0852347","923,8487094","887,850294","929,9477284","897,0695141","868,5337441","868,6549821","861,651544","831,803858","862,8236209","838,7643835","727,6599341","599,8079041","558,0245899","576,7957409","603,5118875","577,8018014","599,2660953","582,7261773","552,5378719","511,7705164","542,7179591","641,6595696","539,3753854","479,8772297","460,4610561","554,4818563","503,769027",,